hCoV-19/Shenzhen/SZTH-001/2020|EPI_ISL_406592|2020-01-13
hCoV-19/France/ARA-HCL021011750901/2020|EPI_ISL_1359983|2020-01-15
hCoV-19/USA/NY-PRL-20210201_03B02/2020|EPI_ISL_968080|2020-01-30
hCoV-19/France/ARA-HCL021020561601/2020|EPI_ISL_1359938|2020-01-27
hCoV-19/Netherlands/ZH-EMC-2079/2020|EPI_ISL_1311840|2020-02-15
hCoV-19/Belgium/UZA-UA-CV0631961262/2020|EPI_ISL_1263331|2020-02-14
hCoV-19/Netherlands/ZH-EMC-1909/2020|EPI_ISL_1311784|2020-01-08
hCoV-19/USA/NV-NSPHL-338695/2020|EPI_ISL_1136974|2020-02-17
hCoV-19/Germany/HB-RKI-I-014899/2020|EPI_ISL_1145037|2020-02-02
hCoV-19/Netherlands/ZH-EMC-2073/2020|EPI_ISL_1311394|2020-02-17
hCoV-19/Netherlands/ZH-EMC-2076/2020|EPI_ISL_1311397|2020-02-18
hCoV-19/Netherlands/ZH-EMC-2071/2020|EPI_ISL_1311392|2020-02-16
hCoV-19/Netherlands/ZH-EMC-2075/2020|EPI_ISL_1311396|2020-02-18
hCoV-19/Netherlands/ZH-EMC-2074/2020|EPI_ISL_1311395|2020-02-17
hCoV-19/Netherlands/ZH-EMC-2078/2020|EPI_ISL_1311398|2020-02-20
hCoV-19/Netherlands/ZH-EMC-2072/2020|EPI_ISL_1311393|2020-02-16
hCoV-19/Netherlands/ZH-EMC-2070/2020|EPI_ISL_1311391|2020-02-16
