hCoV-19/USA/MS-CDC-6566/2020|EPI_ISL_648018|2020-03-01	USA/MS-CDC-6566/2020
hCoV-19/USA/GA_1320/2020|EPI_ISL_420786|2020-03-03	USA/GA_1320/2020
hCoV-19/USA/GA_1445/2020|EPI_ISL_420788|2020-03-04	USA/GA_1445/2020
hCoV-19/USA/FL-BPHL-2100/2020|EPI_ISL_653253|2020-03-05	USA/FL-BPHL-2100/2020
hCoV-19/USA/FL_9655/2020|EPI_ISL_424854|2020-03-05	USA/FL_9655/2020
hCoV-19/USA/GA_1847/2020|EPI_ISL_424859|2020-03-05	USA/GA_1847/2020
hCoV-19/USA/SC_3520/2020|EPI_ISL_424902|2020-03-05	USA/SC_3520/2020
hCoV-19/USA/GA-CDC-8427/2020|EPI_ISL_594456|2020-03-06	USA/GA-CDC-8427/2020
hCoV-19/USA/SC-DHEC-0001/2020|EPI_ISL_491097|2020-03-06	USA/SC-DHEC-0001/2020
hCoV-19/USA/SC_3569/2020|EPI_ISL_424841|2020-03-06	USA/SC_3569/2020
hCoV-19/USA/GA_2070/2020|EPI_ISL_426417|2020-03-07	USA/GA_2070/2020
hCoV-19/Australia/VIC17/2020|EPI_ISL_419736|2020-03-07	Australia/VIC17/2020
hCoV-19/USA/SC_3575/2020|EPI_ISL_424842|2020-03-07	USA/SC_3575/2020
hCoV-19/USA/SC_3571/2020|EPI_ISL_424904|2020-03-07	USA/SC_3571/2020
hCoV-19/USA/SC_3570/2020|EPI_ISL_424903|2020-03-07	USA/SC_3570/2020
hCoV-19/USA/GA_2118/2020|EPI_ISL_424861|2020-03-08	USA/GA_2118/2020
hCoV-19/USA/SC_6370/2020|EPI_ISL_424888|2020-03-08	USA/SC_6370/2020
hCoV-19/USA/NY-Wadsworth-14419-01/2020|EPI_ISL_525611|2020-03-09	USA/NY-Wadsworth-14419-01/2020
hCoV-19/USA/GA_2343/2020|EPI_ISL_424864|2020-03-10	USA/GA_2343/2020
hCoV-19/Australia/VIC35/2020|EPI_ISL_419755|2020-03-10	Australia/VIC35/2020
|GA-EHC-086H	GA-EHC-086H
hCoV-19/Australia/VIC32/2020|EPI_ISL_419751|2020-03-10	Australia/VIC32/2020
hCoV-19/Australia/VIC28/2020|EPI_ISL_419747|2020-03-10	Australia/VIC28/2020
hCoV-19/Australia/VIC27/2020|EPI_ISL_419746|2020-03-10	Australia/VIC27/2020
hCoV-19/Australia/VIC33/2020|EPI_ISL_419752|2020-03-10	Australia/VIC33/2020
hCoV-19/USA/MA-MGH-00004/2020|EPI_ISL_460467|2020-03-11	USA/MA-MGH-00004/2020
hCoV-19/USA/MN-UW-628/2020|EPI_ISL_476909|2020-03-11	USA/MN-UW-628/2020
|GA-EHC-022V	GA-EHC-022V
hCoV-19/USA/MS-CDC-6568/2020|EPI_ISL_648020|2020-03-11	USA/MS-CDC-6568/2020
hCoV-19/USA/VA-DCLS-0544/2020|EPI_ISL_485845|2020-03-11	USA/VA-DCLS-0544/2020
hCoV-19/USA/TX-DSHS-0200/2020|EPI_ISL_525763|2020-03-11	USA/TX-DSHS-0200/2020
hCoV-19/USA/UN-UW-527/2020|EPI_ISL_576492|2020-03-11	USA/UN-UW-527/2020
|GA-EHC-060H	GA-EHC-060H
hCoV-19/USA/MD-HP00076/2020|EPI_ISL_438234|2020-03-11	USA/MD-HP00076/2020
hCoV-19/USA/UT-QDX-57/2020|EPI_ISL_467920|2020-03-12	USA/UT-QDX-57/2020
hCoV-19/USA/UT-QDX-1936/2020|EPI_ISL_604286|2020-03-12	USA/UT-QDX-1936/2020
hCoV-19/USA/UT-QDX-1964/2020|EPI_ISL_604290|2020-03-12	USA/UT-QDX-1964/2020
|GA-EHC-097S	GA-EHC-097S
hCoV-19/USA/UT-QDX-2264/2020|EPI_ISL_604603|2020-03-12	USA/UT-QDX-2264/2020
hCoV-19/USA/UT-QDX-2491/2020|EPI_ISL_604853|2020-03-12	USA/UT-QDX-2491/2020
hCoV-19/USA/UT-QDX-2189/2020|EPI_ISL_604578|2020-03-12	USA/UT-QDX-2189/2020
hCoV-19/Peru/LIM-INS-325/2020|EPI_ISL_1111223|2020-03-12	Peru/LIM-INS-325/2020
hCoV-19/Australia/VIC56/2020|EPI_ISL_419777|2020-03-12	Australia/VIC56/2020
hCoV-19/Australia/VIC53/2020|EPI_ISL_419769|2020-03-12	Australia/VIC53/2020
hCoV-19/Australia/VIC51/2020|EPI_ISL_419826|2020-03-12	Australia/VIC51/2020
|GA-EHC-023W	GA-EHC-023W
hCoV-19/USA/PA-QDX-1888/2020|EPI_ISL_604279|2020-03-12	USA/PA-QDX-1888/2020
hCoV-19/USA/NY-WC-13741-01/2020|EPI_ISL_534731|2020-03-12	USA/NY-WC-13741-01/2020
hCoV-19/USA/GA-QDX-152/2020|EPI_ISL_467848|2020-03-13	USA/GA-QDX-152/2020
hCoV-19/USA/GA-QDX-122/2020|EPI_ISL_467847|2020-03-13	USA/GA-QDX-122/2020
hCoV-19/USA/GA-QDX-116/2020|EPI_ISL_467846|2020-03-13	USA/GA-QDX-116/2020
hCoV-19/USA/GA-QDX-115/2020|EPI_ISL_467845|2020-03-13	USA/GA-QDX-115/2020
hCoV-19/USA/MI-QDX-2199/2020|EPI_ISL_604537|2020-03-13	USA/MI-QDX-2199/2020
hCoV-19/USA/UT-QDX-63/2020|EPI_ISL_467921|2020-03-13	USA/UT-QDX-63/2020
hCoV-19/USA/UT-QDX-2550/2020|EPI_ISL_604865|2020-03-13	USA/UT-QDX-2550/2020
hCoV-19/USA/UT-QDX-2607/2020|EPI_ISL_604969|2020-03-13	USA/UT-QDX-2607/2020
hCoV-19/USA/CA-QDX-111/2020|EPI_ISL_468563|2020-03-13	USA/CA-QDX-111/2020
hCoV-19/USA/UT-QDX-2307/2020|EPI_ISL_604618|2020-03-13	USA/UT-QDX-2307/2020
hCoV-19/USA/UT-QDX-119/2020|EPI_ISL_467910|2020-03-13	USA/UT-QDX-119/2020
hCoV-19/USA/MDH-8144/2020|EPI_ISL_454431|2020-03-13	USA/MDH-8144/2020
hCoV-19/USA/NY-Wadsworth-14380-01/2020|EPI_ISL_676734|2020-03-13	USA/NY-Wadsworth-14380-01/2020
hCoV-19/USA/MN-QDX-2265/2020|EPI_ISL_604552|2020-03-13	USA/MN-QDX-2265/2020
hCoV-19/USA/UT-QDX-49/2020|EPI_ISL_467919|2020-03-13	USA/UT-QDX-49/2020
hCoV-19/USA/GA-QDX-53/2020|EPI_ISL_467849|2020-03-13	USA/GA-QDX-53/2020
|GA-EHC-009I	GA-EHC-009I
hCoV-19/Canada/ON_MU-S7/2020|EPI_ISL_463993|2020-03-13	Canada/ON_MU-S7/2020
hCoV-19/USA/GA-QDX-2442/2020|EPI_ISL_604777|2020-03-13	USA/GA-QDX-2442/2020
hCoV-19/USA/GA-QDX-2259/2020|EPI_ISL_604531|2020-03-13	USA/GA-QDX-2259/2020
hCoV-19/USA/GA-QDX-2196/2020|EPI_ISL_604527|2020-03-13	USA/GA-QDX-2196/2020
hCoV-19/USA/GA-QDX-2443/2020|EPI_ISL_604778|2020-03-13	USA/GA-QDX-2443/2020
hCoV-19/USA/GA-QDX-1938/2020|EPI_ISL_604222|2020-03-13	USA/GA-QDX-1938/2020
hCoV-19/USA/GA-QDX-2158/2020|EPI_ISL_604451|2020-03-14	USA/GA-QDX-2158/2020
hCoV-19/USA/SC-DHEC-0014/2020|EPI_ISL_529171|2020-03-14	USA/SC-DHEC-0014/2020
hCoV-19/Australia/VIC76/2020|EPI_ISL_419788|2020-03-14	Australia/VIC76/2020
hCoV-19/Australia/VIC77/2020|EPI_ISL_419789|2020-03-14	Australia/VIC77/2020
hCoV-19/USA/MN-QDX-2258/2020|EPI_ISL_604551|2020-03-14	USA/MN-QDX-2258/2020
hCoV-19/USA/MD-HP00113/2020|EPI_ISL_457768|2020-03-14	USA/MD-HP00113/2020
hCoV-19/USA/MA-QDX-61/2020|EPI_ISL_467862|2020-03-14	USA/MA-QDX-61/2020
hCoV-19/USA/MA-QDX-150/2020|EPI_ISL_467855|2020-03-14	USA/MA-QDX-150/2020
hCoV-19/USA/GA-QDX-2571/2020|EPI_ISL_604931|2020-03-14	USA/GA-QDX-2571/2020
hCoV-19/USA/GA-QDX-2553/2020|EPI_ISL_604781|2020-03-14	USA/GA-QDX-2553/2020
hCoV-19/USA/GA-QDX-2150/2020|EPI_ISL_604450|2020-03-14	USA/GA-QDX-2150/2020
hCoV-19/USA/UT-QDX-1833/2020|EPI_ISL_604151|2020-03-14	USA/UT-QDX-1833/2020
hCoV-19/USA/UT-QDX-1847/2020|EPI_ISL_604163|2020-03-14	USA/UT-QDX-1847/2020
hCoV-19/USA/GA-QDX-2461/2020|EPI_ISL_604779|2020-03-14	USA/GA-QDX-2461/2020
hCoV-19/USA/UT-QDX-1825/2020|EPI_ISL_604144|2020-03-14	USA/UT-QDX-1825/2020
hCoV-19/USA/CT-UW260/2020|EPI_ISL_418045|2020-03-14	USA/CT-UW260/2020
hCoV-19/USA/MN-QDX-2727/2020|EPI_ISL_605033|2020-03-14	USA/MN-QDX-2727/2020
|GA-EHC-037K	GA-EHC-037K
hCoV-19/USA/GA-QDX-2115/2020|EPI_ISL_604449|2020-03-14	USA/GA-QDX-2115/2020
hCoV-19/Canada/QC-LSPQ-L00219020/2020|EPI_ISL_535786|2020-03-14	Canada/QC-LSPQ-L00219020/2020
hCoV-19/Australia/VIC73/2020|EPI_ISL_419785|2020-03-14	Australia/VIC73/2020
hCoV-19/USA/LA-QDX-2108/2020|EPI_ISL_604454|2020-03-14	USA/LA-QDX-2108/2020
hCoV-19/USA/NJ-QDX-2250/2020|EPI_ISL_604557|2020-03-14	USA/NJ-QDX-2250/2020
hCoV-19/USA/NY-QDX-2711/2020|EPI_ISL_605047|2020-03-15	USA/NY-QDX-2711/2020
|GA-EHC-053A	GA-EHC-053A
hCoV-19/USA/MS-CDC-6574/2020|EPI_ISL_648026|2020-03-15	USA/MS-CDC-6574/2020
|GA-EHC-043Q	GA-EHC-043Q
|GA-EHC-030D	GA-EHC-030D
|GA-EHC-033G	GA-EHC-033G
hCoV-19/USA/MI-QDX-58/2020|EPI_ISL_467871|2020-03-15	USA/MI-QDX-58/2020
|GA-EHC-044R	GA-EHC-044R
hCoV-19/Australia/SAP453/2020|EPI_ISL_508143|2020-03-15	Australia/SAP453/2020
hCoV-19/USA/MD-HP00065/2020|EPI_ISL_457807|2020-03-15	USA/MD-HP00065/2020
hCoV-19/USA/NY-MSK-9A/2020|EPI_ISL_583461|2020-03-15	USA/NY-MSK-9A/2020
|GA-EHC-042P	GA-EHC-042P
hCoV-19/USA/NY-MSK-9Ai/2020|EPI_ISL_583463|2020-03-15	USA/NY-MSK-9Ai/2020
|GA-EHC-047U	GA-EHC-047U
hCoV-19/Australia/VIC85/2020|EPI_ISL_419795|2020-03-15	Australia/VIC85/2020
hCoV-19/Scotland/CVR113/2020|EPI_ISL_425658|2020-03-15	Scotland/CVR113/2020
hCoV-19/New_Zealand/20VR0275/2020|EPI_ISL_416538|2020-03-15	NewZealand/20VR0275/2020
|GA-EHC-054B	GA-EHC-054B
hCoV-19/USA/IL-NM-0052/2020|EPI_ISL_626360|2020-03-15	USA/IL-NM-0052/2020
hCoV-19/USA/IL-NM053/2020|EPI_ISL_444549|2020-03-15	USA/IL-NM053/2020
hCoV-19/USA/GA-QDX-2219/2020|EPI_ISL_604529|2020-03-15	USA/GA-QDX-2219/2020
hCoV-19/USA/CA-QDX-1975/2020|EPI_ISL_604217|2020-03-15	USA/CA-QDX-1975/2020
hCoV-19/USA/LA-QDX-879/2020|EPI_ISL_571604|2020-03-15	USA/LA-QDX-879/2020
hCoV-19/USA/MN-MDH-91/2020|EPI_ISL_460072|2020-03-15	USA/MN-MDH-91/2020
hCoV-19/Australia/SAP216/2020|EPI_ISL_468000|2020-03-15	Australia/SAP216/2020
hCoV-19/USA/MN-QDX-1342/2020|EPI_ISL_572131|2020-03-15	USA/MN-QDX-1342/2020
hCoV-19/Australia/VIC86/2020|EPI_ISL_419796|2020-03-15	Australia/VIC86/2020
hCoV-19/USA/UT-QDX-1466/2020|EPI_ISL_603851|2020-03-15	USA/UT-QDX-1466/2020
hCoV-19/USA/LA-QDX-1992/2020|EPI_ISL_604335|2020-03-16	USA/LA-QDX-1992/2020
|GA-EHC-052Z	GA-EHC-052Z
hCoV-19/USA/IL-NM074/2020|EPI_ISL_444569|2020-03-16	USA/IL-NM074/2020
hCoV-19/USA/ME-HETL-J0030/2020|EPI_ISL_513442|2020-03-16	USA/ME-HETL-J0030/2020
hCoV-19/USA/MN-MDH-1418/2020|EPI_ISL_514637|2020-03-16	USA/MN-MDH-1418/2020
hCoV-19/USA/MA-QDX-1456/2020|EPI_ISL_603823|2020-03-16	USA/MA-QDX-1456/2020
hCoV-19/USA/MD-HP00031/2020|EPI_ISL_457789|2020-03-16	USA/MD-HP00031/2020
hCoV-19/USA/FL-QDX-2513/2020|EPI_ISL_604776|2020-03-16	USA/FL-QDX-2513/2020
hCoV-19/USA/LA-QDX-1193/2020|EPI_ISL_571939|2020-03-16	USA/LA-QDX-1193/2020
hCoV-19/USA/GA-QDX-1771/2020|EPI_ISL_604027|2020-03-16	USA/GA-QDX-1771/2020
|GA-EHC-040N	GA-EHC-040N
hCoV-19/USA/GA-QDX-1717/2020|EPI_ISL_604024|2020-03-16	USA/GA-QDX-1717/2020
hCoV-19/USA/WA-UW330/2020|EPI_ISL_418897|2020-03-16	USA/WA-UW330/2020
hCoV-19/USA/WA-UW301/2020|EPI_ISL_418869|2020-03-16	USA/WA-UW301/2020
hCoV-19/USA/WA-UW-1255/2020|EPI_ISL_570547|2020-03-16	USA/WA-UW-1255/2020
hCoV-19/USA/FL-QDX-2018/2020|EPI_ISL_604326|2020-03-16	USA/FL-QDX-2018/2020
hCoV-19/USA/GA-QDX-2367/2020|EPI_ISL_604692|2020-03-16	USA/GA-QDX-2367/2020
hCoV-19/USA/GA-QDX-2388/2020|EPI_ISL_604694|2020-03-16	USA/GA-QDX-2388/2020
hCoV-19/USA/GA-QDX-2420/2020|EPI_ISL_604695|2020-03-16	USA/GA-QDX-2420/2020
hCoV-19/USA/GA-QDX-2425/2020|EPI_ISL_604697|2020-03-16	USA/GA-QDX-2425/2020
hCoV-19/USA/UT-QDX-1462/2020|EPI_ISL_603847|2020-03-16	USA/UT-QDX-1462/2020
hCoV-19/USA/TX-QDX-1201/2020|EPI_ISL_572038|2020-03-16	USA/TX-QDX-1201/2020
hCoV-19/USA/TX-QDX-1198/2020|EPI_ISL_572036|2020-03-16	USA/TX-QDX-1198/2020
hCoV-19/USA/TX-HMH06/2020|EPI_ISL_434717|2020-03-16	USA/TX-HMH06/2020
hCoV-19/USA/GA-QDX-579/2020|EPI_ISL_571290|2020-03-16	USA/GA-QDX-579/2020
hCoV-19/USA/NY-Wadsworth-18124-01/2020|EPI_ISL_676743|2020-03-16	USA/NY-Wadsworth-18124-01/2020
hCoV-19/USA/GA-QDX-1742/2020|EPI_ISL_604025|2020-03-16	USA/GA-QDX-1742/2020
hCoV-19/USA/NY-WCMP11A03P/2020|EPI_ISL_427583|2020-03-16	USA/NY-WCMP11A03P/2020
|GA-EHC-035I	GA-EHC-035I
hCoV-19/USA/NY-QDX-1941/2020|EPI_ISL_604263|2020-03-16	USA/NY-QDX-1941/2020
hCoV-19/USA/NY-QDX-19/2020|EPI_ISL_467897|2020-03-16	USA/NY-QDX-19/2020
hCoV-19/USA/NY-QDX-1257/2020|EPI_ISL_572021|2020-03-16	USA/NY-QDX-1257/2020
hCoV-19/USA/MN-QDX-1007/2020|EPI_ISL_571733|2020-03-16	USA/MN-QDX-1007/2020
|GA-EHC-032F	GA-EHC-032F
hCoV-19/USA/MN-QDX-1386/2020|EPI_ISL_572175|2020-03-16	USA/MN-QDX-1386/2020
hCoV-19/USA/CA-QDX-2586/2020|EPI_ISL_604881|2020-03-16	USA/CA-QDX-2586/2020
hCoV-19/USA/CA-QDX-148/2020|EPI_ISL_467814|2020-03-16	USA/CA-QDX-148/2020
hCoV-19/Australia/QLD1203/2020|EPI_ISL_639794|2020-03-16	Australia/QLD1203/2020
hCoV-19/Australia/VIC100/2020|EPI_ISL_419812|2020-03-16	Australia/VIC100/2020
hCoV-19/USA/CA-QDX-2691/2020|EPI_ISL_604998|2020-03-16	USA/CA-QDX-2691/2020
hCoV-19/USA/CA-QDX-2647/2020|EPI_ISL_604909|2020-03-16	USA/CA-QDX-2647/2020
hCoV-19/USA/WA-S278/2020|EPI_ISL_430132|2020-03-17	USA/WA-S278/2020
hCoV-19/USA/AZ-QDX-1568/2020|EPI_ISL_603872|2020-03-17	USA/AZ-QDX-1568/2020
hCoV-19/USA/AZ-QDX-1729/2020|EPI_ISL_604015|2020-03-17	USA/AZ-QDX-1729/2020
hCoV-19/USA/AZ-TG268282/2020|EPI_ISL_426504|2020-03-17	USA/AZ-TG268282/2020
hCoV-19/USA/CA-QDX-1520/2020|EPI_ISL_603773|2020-03-17	USA/CA-QDX-1520/2020
hCoV-19/USA/TX-QDX-2025/2020|EPI_ISL_604376|2020-03-17	USA/TX-QDX-2025/2020
hCoV-19/USA/CA-QDX-1043/2020|EPI_ISL_571708|2020-03-17	USA/CA-QDX-1043/2020
hCoV-19/USA/MN-QDX-756/2020|EPI_ISL_571548|2020-03-17	USA/MN-QDX-756/2020
hCoV-19/USA/TX-HMH021/2020|EPI_ISL_434731|2020-03-17	USA/TX-HMH021/2020
hCoV-19/USA/TX-HMH022/2020|EPI_ISL_434732|2020-03-17	USA/TX-HMH022/2020
hCoV-19/USA/FL-QDX-2510/2020|EPI_ISL_604775|2020-03-17	USA/FL-QDX-2510/2020
hCoV-19/USA/WI-UW-166/2020|EPI_ISL_428262|2020-03-17	USA/WI-UW-166/2020
hCoV-19/USA/MI-QDX-636/2020|EPI_ISL_571361|2020-03-17	USA/MI-QDX-636/2020
hCoV-19/USA/NY-PV08490/2020|EPI_ISL_421426|2020-03-17	USA/NY-PV08490/2020
hCoV-19/USA/MI-QDX-1769/2020|EPI_ISL_604056|2020-03-17	USA/MI-QDX-1769/2020
hCoV-19/USA/TX-HMH057/2020|EPI_ISL_434766|2020-03-17	USA/TX-HMH057/2020
hCoV-19/USA/GA-QDX-578/2020|EPI_ISL_571289|2020-03-17	USA/GA-QDX-578/2020
hCoV-19/USA/MI-QDX-1681/2020|EPI_ISL_603969|2020-03-17	USA/MI-QDX-1681/2020
hCoV-19/USA/GA-QDX-582/2020|EPI_ISL_571293|2020-03-17	USA/GA-QDX-582/2020
hCoV-19/USA/CA-QDX-1528/2020|EPI_ISL_603781|2020-03-17	USA/CA-QDX-1528/2020
hCoV-19/USA/GA-QDX-597/2020|EPI_ISL_571296|2020-03-17	USA/GA-QDX-597/2020
hCoV-19/USA/GA-UW-MAYO61/2020|EPI_ISL_500513|2020-03-17	USA/GA-UW-MAYO61/2020
hCoV-19/Australia/VIC150/2020|EPI_ISL_419847|2020-03-17	Australia/VIC150/2020
hCoV-19/USA/NY-QDX-2008/2020|EPI_ISL_604361|2020-03-17	USA/NY-QDX-2008/2020
hCoV-19/USA/MI-QDX-1306/2020|EPI_ISL_571961|2020-03-17	USA/MI-QDX-1306/2020
hCoV-19/USA/MI-MDHHS-SC20139/2020|EPI_ISL_436820|2020-03-17	USA/MI-MDHHS-SC20139/2020
hCoV-19/Australia/VIC103/2020|EPI_ISL_419814|2020-03-17	Australia/VIC103/2020
hCoV-19/New_Zealand/20VR0987/2020|EPI_ISL_456172|2020-03-17	NewZealand/20VR0987/2020
hCoV-19/USA/CA-QDX-2185/2020|EPI_ISL_604446|2020-03-18	USA/CA-QDX-2185/2020
hCoV-19/USA/CA-QDX-1576/2020|EPI_ISL_603890|2020-03-18	USA/CA-QDX-1576/2020
hCoV-19/USA/MN-MDH-1474/2020|EPI_ISL_518868|2020-03-18	USA/MN-MDH-1474/2020
hCoV-19/USA/MO-MSPHL-000010/2020|EPI_ISL_1362561|2020-03-18	USA/MO-MSPHL-000010/2020
hCoV-19/USA/MN-MDH-1481/2020|EPI_ISL_518875|2020-03-18	USA/MN-MDH-1481/2020
hCoV-19/USA/HI-QDX-759/2020|EPI_ISL_571528|2020-03-18	USA/HI-QDX-759/2020
hCoV-19/USA/MI-QDX-888/2020|EPI_ISL_571609|2020-03-18	USA/MI-QDX-888/2020
hCoV-19/USA/MI-QDX-1757/2020|EPI_ISL_604053|2020-03-18	USA/MI-QDX-1757/2020
hCoV-19/USA/IL-NM066/2020|EPI_ISL_444561|2020-03-18	USA/IL-NM066/2020
hCoV-19/USA/IL-NM069/2020|EPI_ISL_444564|2020-03-18	USA/IL-NM069/2020
hCoV-19/USA/IL-NM071/2020|EPI_ISL_444566|2020-03-18	USA/IL-NM071/2020
hCoV-19/USA/IL-NM072/2020|EPI_ISL_444567|2020-03-18	USA/IL-NM072/2020
hCoV-19/USA/IL-QDX-685/2020|EPI_ISL_571434|2020-03-18	USA/IL-QDX-685/2020
hCoV-19/USA/NY-NYCPHL-000738/2020|EPI_ISL_632119|2020-03-18	USA/NY-NYCPHL-000738/2020
hCoV-19/USA/CA-QDX-2134/2020|EPI_ISL_604423|2020-03-18	USA/CA-QDX-2134/2020
hCoV-19/USA/CA-QDX-1675/2020|EPI_ISL_603924|2020-03-18	USA/CA-QDX-1675/2020
hCoV-19/USA/WI-UW-405/2020|EPI_ISL_480387|2020-03-18	USA/WI-UW-405/2020
hCoV-19/Australia/VIC108/2020|EPI_ISL_419714|2020-03-18	Australia/VIC108/2020
hCoV-19/Australia/VIC112/2020|EPI_ISL_419821|2020-03-18	Australia/VIC112/2020
hCoV-19/Australia/VIC330/2020|EPI_ISL_426640|2020-03-18	Australia/VIC330/2020
hCoV-19/USA/GA-QDX-594/2020|EPI_ISL_571295|2020-03-18	USA/GA-QDX-594/2020
hCoV-19/USA/GA-QDX-580/2020|EPI_ISL_571291|2020-03-18	USA/GA-QDX-580/2020
hCoV-19/USA/GA-QDX-577/2020|EPI_ISL_571288|2020-03-18	USA/GA-QDX-577/2020
hCoV-19/USA/CA-QDX-2039/2020|EPI_ISL_604319|2020-03-18	USA/CA-QDX-2039/2020
hCoV-19/USA/FL-QDX-574/2020|EPI_ISL_571286|2020-03-18	USA/FL-QDX-574/2020
hCoV-19/USA/LA-QDX-2131/2020|EPI_ISL_604455|2020-03-18	USA/LA-QDX-2131/2020
hCoV-19/USA/MD-HP00104/2020|EPI_ISL_438246|2020-03-18	USA/MD-HP00104/2020
hCoV-19/USA/NY-Wadsworth-21493-01/2020|EPI_ISL_525621|2020-03-18	USA/NY-Wadsworth-21493-01/2020
hCoV-19/USA/CA-QDX-1434/2020|EPI_ISL_572086|2020-03-18	USA/CA-QDX-1434/2020
hCoV-19/USA/CA-QDX-2012/2020|EPI_ISL_604306|2020-03-18	USA/CA-QDX-2012/2020
hCoV-19/USA/CA-QDX-1629/2020|EPI_ISL_603908|2020-03-18	USA/CA-QDX-1629/2020
hCoV-19/USA/CA-QDX-2007/2020|EPI_ISL_604304|2020-03-18	USA/CA-QDX-2007/2020
hCoV-19/USA/MD-HP00120/2020|EPI_ISL_457813|2020-03-19	USA/MD-HP00120/2020
hCoV-19/Australia/NSW2170/2020|EPI_ISL_500641|2020-03-19	Australia/NSW2170/2020
hCoV-19/USA/ME-HETL-J0051/2020|EPI_ISL_513462|2020-03-19	USA/ME-HETL-J0051/2020
hCoV-19/USA/MI-MDHHS-SC20050/2020|EPI_ISL_437137|2020-03-19	USA/MI-MDHHS-SC20050/2020
hCoV-19/USA/CA-QDX-2022/2020|EPI_ISL_604310|2020-03-19	USA/CA-QDX-2022/2020
hCoV-19/USA/MI-MDHHS-SC20202/2020|EPI_ISL_447173|2020-03-19	USA/MI-MDHHS-SC20202/2020
hCoV-19/USA/MI-MDHHS-SC20451/2020|EPI_ISL_452325|2020-03-19	USA/MI-MDHHS-SC20451/2020
hCoV-19/Australia/VIC117/2020|EPI_ISL_419727|2020-03-19	Australia/VIC117/2020
hCoV-19/Australia/VIC182/2020|EPI_ISL_450212|2020-03-19	Australia/VIC182/2020
hCoV-19/USA/TX-HMH079/2020|EPI_ISL_434788|2020-03-19	USA/TX-HMH079/2020
hCoV-19/Guatemala/CDC-1234/2020|EPI_ISL_509701|2020-03-19	Guatemala/CDC-1234/2020
hCoV-19/USA/MI-QDX-593/2020|EPI_ISL_571331|2020-03-19	USA/MI-QDX-593/2020
hCoV-19/USA/MI-QDX-601/2020|EPI_ISL_571336|2020-03-19	USA/MI-QDX-601/2020
hCoV-19/Scotland/CVR205/2020|EPI_ISL_425735|2020-03-19	Scotland/CVR205/2020
hCoV-19/USA/MN-MDH-1420/2020|EPI_ISL_514639|2020-03-19	USA/MN-MDH-1420/2020
hCoV-19/USA/VI-CDC-3638/2020|EPI_ISL_464167|2020-03-19	USA/VI-CDC-3638/2020
hCoV-19/USA/TX-QDX-1764/2020|EPI_ISL_604093|2020-03-19	USA/TX-QDX-1764/2020
hCoV-19/USA/TX-HMH096/2020|EPI_ISL_434801|2020-03-19	USA/TX-HMH096/2020
hCoV-19/USA/TX-HMH092/2020|EPI_ISL_434797|2020-03-19	USA/TX-HMH092/2020
hCoV-19/USA/NY-MSK-9B/2020|EPI_ISL_583462|2020-03-19	USA/NY-MSK-9B/2020
hCoV-19/USA/NY-MSK-9Bi/2020|EPI_ISL_583464|2020-03-19	USA/NY-MSK-9Bi/2020
hCoV-19/USA/NY-PV09466/2020|EPI_ISL_450139|2020-03-19	USA/NY-PV09466/2020
hCoV-19/USA/CA-QDX-2077/2020|EPI_ISL_604395|2020-03-19	USA/CA-QDX-2077/2020
hCoV-19/Australia/NSW2063/2020|EPI_ISL_509496|2020-03-19	Australia/NSW2063/2020
hCoV-19/USA/IL-QDX-283/2020|EPI_ISL_571034|2020-03-19	USA/IL-QDX-283/2020
hCoV-19/USA/IL-QDX-280/2020|EPI_ISL_571031|2020-03-19	USA/IL-QDX-280/2020
hCoV-19/USA/IL-NM087/2020|EPI_ISL_444577|2020-03-19	USA/IL-NM087/2020
hCoV-19/USA/IL-NM082/2020|EPI_ISL_444573|2020-03-19	USA/IL-NM082/2020
hCoV-19/USA/IL-NM081/2020|EPI_ISL_444572|2020-03-19	USA/IL-NM081/2020
hCoV-19/USA/IL-NM0113/2020|EPI_ISL_444597|2020-03-19	USA/IL-NM0113/2020
hCoV-19/USA/FL-USAFSAM-S009/2020|EPI_ISL_512785|2020-03-19	USA/FL-USAFSAM-S009/2020
hCoV-19/USA/FL-TGH-0043/2020|EPI_ISL_1379452|2020-03-19	USA/FL-TGH-0043/2020
hCoV-19/USA/OH-QDX-906/2020|EPI_ISL_571685|2020-03-20	USA/OH-QDX-906/2020
hCoV-19/USA/NY-NYUMC754/2020|EPI_ISL_451468|2020-03-20	USA/NY-NYUMC754/2020
hCoV-19/USA/NY-NYCPHL-000290/2020|EPI_ISL_631816|2020-03-20	USA/NY-NYCPHL-000290/2020
hCoV-19/USA/IL-UW-MAYO6/2020|EPI_ISL_500535|2020-03-20	USA/IL-UW-MAYO6/2020
hCoV-19/USA/CA-QDX-698/2020|EPI_ISL_571417|2020-03-20	USA/CA-QDX-698/2020
hCoV-19/USA/CA-QDX-704/2020|EPI_ISL_571421|2020-03-20	USA/CA-QDX-704/2020
hCoV-19/USA/IL-NM0112/2020|EPI_ISL_444596|2020-03-20	USA/IL-NM0112/2020
hCoV-19/USA/MI-MDHHS-SC20052/2020|EPI_ISL_437139|2020-03-20	USA/MI-MDHHS-SC20052/2020
hCoV-19/USA/NY-NYCPHL-000282/2020|EPI_ISL_631808|2020-03-20	USA/NY-NYCPHL-000282/2020
hCoV-19/USA/IL-NM0109/2020|EPI_ISL_444594|2020-03-20	USA/IL-NM0109/2020
hCoV-19/USA/SC-DHEC-0032/2020|EPI_ISL_529174|2020-03-20	USA/SC-DHEC-0032/2020
hCoV-19/USA/TX-HMH0110/2020|EPI_ISL_434812|2020-03-20	USA/TX-HMH0110/2020
hCoV-19/USA/TX-HMH0111/2020|EPI_ISL_434813|2020-03-20	USA/TX-HMH0111/2020
hCoV-19/USA/TX-HMH0125/2020|EPI_ISL_434825|2020-03-20	USA/TX-HMH0125/2020
hCoV-19/USA/TX-HMH0127/2020|EPI_ISL_434827|2020-03-20	USA/TX-HMH0127/2020
hCoV-19/USA/TX-QDX-1096/2020|EPI_ISL_571902|2020-03-20	USA/TX-QDX-1096/2020
hCoV-19/USA/TX-QDX-1097/2020|EPI_ISL_571903|2020-03-20	USA/TX-QDX-1097/2020
hCoV-19/USA/TX-QDX-2122/2020|EPI_ISL_604486|2020-03-20	USA/TX-QDX-2122/2020
hCoV-19/Scotland/CVR261/2020|EPI_ISL_433277|2020-03-20	Scotland/CVR261/2020
hCoV-19/New_Zealand/20VR1275/2020|EPI_ISL_456200|2020-03-20	NewZealand/20VR1275/2020
hCoV-19/USA/GA-UW-MAYO63/2020|EPI_ISL_501074|2020-03-20	USA/GA-UW-MAYO63/2020
hCoV-19/Australia/VIC350/2020|EPI_ISL_426658|2020-03-20	Australia/VIC350/2020
hCoV-19/Australia/VIC349/2020|EPI_ISL_450213|2020-03-20	Australia/VIC349/2020
hCoV-19/Australia/VIC215/2020|EPI_ISL_419910|2020-03-20	Australia/VIC215/2020
hCoV-19/Australia/VIC209/2020|EPI_ISL_419904|2020-03-20	Australia/VIC209/2020
hCoV-19/USA/TX-HMH0105/2020|EPI_ISL_434810|2020-03-20	USA/TX-HMH0105/2020
hCoV-19/USA/DE-DHSS-F918613/2020|EPI_ISL_574599|2020-03-20	USA/DE-DHSS-F918613/2020
hCoV-19/USA/FL-BPHL-0584/2020|EPI_ISL_508788|2020-03-20	USA/FL-BPHL-0584/2020
hCoV-19/USA/MD-HP00086/2020|EPI_ISL_457756|2020-03-20	USA/MD-HP00086/2020
hCoV-19/USA/MD-HP00030/2020|EPI_ISL_434686|2020-03-20	USA/MD-HP00030/2020
hCoV-19/USA/MI-MDHHS-SC20058/2020|EPI_ISL_437145|2020-03-21	USA/MI-MDHHS-SC20058/2020
hCoV-19/USA/IL-NM0120/2020|EPI_ISL_444603|2020-03-21	USA/IL-NM0120/2020
hCoV-19/USA/MI-QDX-296/2020|EPI_ISL_571040|2020-03-21	USA/MI-QDX-296/2020
hCoV-19/USA/MI-QDX-309/2020|EPI_ISL_571053|2020-03-21	USA/MI-QDX-309/2020
hCoV-19/USA/OH-ODH-SC21713/2020|EPI_ISL_935520|2020-03-21	USA/OH-ODH-SC21713/2020
hCoV-19/Canada/QC-LSPQ-L00230159/2020|EPI_ISL_535911|2020-03-21	Canada/QC-LSPQ-L00230159/2020
hCoV-19/USA/FL-QDX-785/2020|EPI_ISL_571520|2020-03-21	USA/FL-QDX-785/2020
hCoV-19/USA/FL-QDX-788/2020|EPI_ISL_571523|2020-03-21	USA/FL-QDX-788/2020
hCoV-19/USA/FL-TGH-0055/2020|EPI_ISL_1379464|2020-03-21	USA/FL-TGH-0055/2020
hCoV-19/USA/IL-NM0121/2020|EPI_ISL_444604|2020-03-21	USA/IL-NM0121/2020
hCoV-19/USA/CA-QDX-449/2020|EPI_ISL_571171|2020-03-21	USA/CA-QDX-449/2020
hCoV-19/USA/MS-CDC-6576/2020|EPI_ISL_648028|2020-03-21	USA/MS-CDC-6576/2020
hCoV-19/USA/MN-MDH-139/2020|EPI_ISL_460052|2020-03-21	USA/MN-MDH-139/2020
hCoV-19/USA/TX-HMH0128/2020|EPI_ISL_434828|2020-03-21	USA/TX-HMH0128/2020
hCoV-19/USA/TX-HMH0129/2020|EPI_ISL_434829|2020-03-21	USA/TX-HMH0129/2020
hCoV-19/USA/TX-HMH0131/2020|EPI_ISL_434831|2020-03-21	USA/TX-HMH0131/2020
hCoV-19/USA/TX-HMH0141/2020|EPI_ISL_434840|2020-03-21	USA/TX-HMH0141/2020
hCoV-19/USA/MI-QDX-826/2020|EPI_ISL_571543|2020-03-22	USA/MI-QDX-826/2020
hCoV-19/USA/CA-QDX-797/2020|EPI_ISL_571491|2020-03-22	USA/CA-QDX-797/2020
hCoV-19/USA/MI-QDX-312/2020|EPI_ISL_571056|2020-03-22	USA/MI-QDX-312/2020
hCoV-19/USA/FL-TGH-0063/2020|EPI_ISL_1379472|2020-03-22	USA/FL-TGH-0063/2020
hCoV-19/USA/TX-HMH0150/2020|EPI_ISL_434849|2020-03-22	USA/TX-HMH0150/2020
hCoV-19/USA/FL-TGH-0062/2020|EPI_ISL_1379471|2020-03-22	USA/FL-TGH-0062/2020
hCoV-19/Canada/QC-JUS-V5230431/2020|EPI_ISL_890488|2020-03-22	Canada/QC-JUS-V5230431/2020
hCoV-19/USA/MI-MDHHS-SC20132/2020|EPI_ISL_436833|2020-03-22	USA/MI-MDHHS-SC20132/2020
hCoV-19/USA/FL-TGH-0060/2020|EPI_ISL_1379469|2020-03-22	USA/FL-TGH-0060/2020
hCoV-19/USA/FL-QDX-943/2020|EPI_ISL_571598|2020-03-22	USA/FL-QDX-943/2020
hCoV-19/USA/WI-WSLH-200048/2020|EPI_ISL_471213|2020-03-22	USA/WI-WSLH-200048/2020
hCoV-19/Australia/NSW2261/2020|EPI_ISL_500697|2020-03-22	Australia/NSW2261/2020
hCoV-19/USA/MI-MDHHS-SC20231/2020|EPI_ISL_447201|2020-03-22	USA/MI-MDHHS-SC20231/2020
hCoV-19/USA/MA-MGH-00555/2020|EPI_ISL_460232|2020-03-22	USA/MA-MGH-00555/2020
hCoV-19/USA/MA-MGH-00563/2020|EPI_ISL_460186|2020-03-22	USA/MA-MGH-00563/2020
hCoV-19/USA/MA-MGH-00566/2020|EPI_ISL_460285|2020-03-22	USA/MA-MGH-00566/2020
hCoV-19/USA/GA-UW-MAYO64/2020|EPI_ISL_500515|2020-03-22	USA/GA-UW-MAYO64/2020
hCoV-19/USA/WI-UW-184/2020|EPI_ISL_428280|2020-03-22	USA/WI-UW-184/2020
hCoV-19/USA/DE-DHSS-F917718/2020|EPI_ISL_561345|2020-03-23	USA/DE-DHSS-F917718/2020
hCoV-19/USA/DE-DHSS-F917680/2020|EPI_ISL_574586|2020-03-23	USA/DE-DHSS-F917680/2020
hCoV-19/USA/TX-HMH0156/2020|EPI_ISL_434855|2020-03-23	USA/TX-HMH0156/2020
hCoV-19/USA/NY-NYCPHL-000549/2020|EPI_ISL_632009|2020-03-23	USA/NY-NYCPHL-000549/2020
hCoV-19/USA/FL-BPHL-0487/2020|EPI_ISL_495393|2020-03-23	USA/FL-BPHL-0487/2020
hCoV-19/USA/IL-NM-0149/2020|EPI_ISL_626370|2020-03-23	USA/IL-NM-0149/2020
hCoV-19/USA/IL-NM-0144/2020|EPI_ISL_626368|2020-03-23	USA/IL-NM-0144/2020
hCoV-19/USA/WI-UW-189/2020|EPI_ISL_428285|2020-03-23	USA/WI-UW-189/2020
hCoV-19/USA/CA-QDX-2019/2020|EPI_ISL_604308|2020-03-23	USA/CA-QDX-2019/2020
hCoV-19/USA/NY-Wadsworth-26730-01/2020|EPI_ISL_525626|2020-03-23	USA/NY-Wadsworth-26730-01/2020
hCoV-19/USA/IL-UW-MAYO2/2020|EPI_ISL_501075|2020-03-23	USA/IL-UW-MAYO2/2020
hCoV-19/USA/WI-UW-33/2020|EPI_ISL_421291|2020-03-23	USA/WI-UW-33/2020
hCoV-19/USA/TX-GCID-192000051B/2020|EPI_ISL_501167|2020-03-23	USA/TX-GCID-192000051B/2020
hCoV-19/USA/TX-HMH0192/2020|EPI_ISL_434867|2020-03-23	USA/TX-HMH0192/2020
hCoV-19/USA/WA-UW-2228/2020|EPI_ISL_426119|2020-03-23	USA/WA-UW-2228/2020
hCoV-19/USA/TX-HMH0155/2020|EPI_ISL_434854|2020-03-23	USA/TX-HMH0155/2020
hCoV-19/USA/MN-MDH-1466/2020|EPI_ISL_518860|2020-03-23	USA/MN-MDH-1466/2020
hCoV-19/USA/MI-MDHHS-SC20242/2020|EPI_ISL_447212|2020-03-23	USA/MI-MDHHS-SC20242/2020
hCoV-19/Australia/SAP154/2020|EPI_ISL_451148|2020-03-23	Australia/SAP154/2020
hCoV-19/USA/MN-MDH-1469/2020|EPI_ISL_518863|2020-03-23	USA/MN-MDH-1469/2020
hCoV-19/USA/MI-QDX-364/2020|EPI_ISL_571107|2020-03-23	USA/MI-QDX-364/2020
hCoV-19/USA/TX-HMH0209/2020|EPI_ISL_434884|2020-03-24	USA/TX-HMH0209/2020
hCoV-19/USA/TX-HMH0234/2020|EPI_ISL_434891|2020-03-24	USA/TX-HMH0234/2020
hCoV-19/USA/MN-MDH-1320/2020|EPI_ISL_495619|2020-03-24	USA/MN-MDH-1320/2020
hCoV-19/USA/IL-NM-0184/2020|EPI_ISL_626375|2020-03-24	USA/IL-NM-0184/2020
hCoV-19/USA/TX-HMH0212/2020|EPI_ISL_434887|2020-03-24	USA/TX-HMH0212/2020
hCoV-19/USA/IN-Lilly-IPB0173-06bc31/2020|EPI_ISL_911470|2020-03-24	USA/IN-Lilly-IPB0173-06bc31/2020
hCoV-19/Canada/QC-JUS-V5251969/2020|EPI_ISL_890588|2020-03-24	Canada/QC-JUS-V5251969/2020
hCoV-19/USA/MN-MDH-1292/2020|EPI_ISL_483012|2020-03-24	USA/MN-MDH-1292/2020
hCoV-19/USA/IN-Lilly-IPB0170-14bc04/2020|EPI_ISL_437455|2020-03-24	USA/IN-Lilly-IPB0170-14bc04/2020
hCoV-19/USA/un-UOM-20x1025/2020|EPI_ISL_884541|2020-03-24	USA/un-UOM-20x1025/2020
hCoV-19/USA/TX-HMH0207/2020|EPI_ISL_434882|2020-03-24	USA/TX-HMH0207/2020
hCoV-19/USA/FL-BPHL-0595/2020|EPI_ISL_508799|2020-03-24	USA/FL-BPHL-0595/2020
hCoV-19/USA/FL-BPHL-0597/2020|EPI_ISL_508801|2020-03-24	USA/FL-BPHL-0597/2020
hCoV-19/USA/DE-DHSS-F917736/2020|EPI_ISL_561346|2020-03-24	USA/DE-DHSS-F917736/2020
hCoV-19/Canada/Qc-LSPQ-L00236091/2020|EPI_ISL_536117|2020-03-24	Canada/Qc-LSPQ-L00236091/2020
hCoV-19/USA/DE-DHSS-F917751/2020|EPI_ISL_565832|2020-03-24	USA/DE-DHSS-F917751/2020
hCoV-19/USA/WI-UW-252/2020|EPI_ISL_428726|2020-03-24	USA/WI-UW-252/2020
hCoV-19/USA/SC-USAFSAM-S101/2020|EPI_ISL_812343|2020-03-24	USA/SC-USAFSAM-S101/2020
hCoV-19/USA/MN-MDH-1477/2020|EPI_ISL_518871|2020-03-24	USA/MN-MDH-1477/2020
hCoV-19/USA/NY-Wadsworth-28157-01/2020|EPI_ISL_525630|2020-03-24	USA/NY-Wadsworth-28157-01/2020
hCoV-19/USA/TX-HMH0198/2020|EPI_ISL_434873|2020-03-24	USA/TX-HMH0198/2020
hCoV-19/USA/FL-BPHL-0676/2020|EPI_ISL_509734|2020-03-24	USA/FL-BPHL-0676/2020
hCoV-19/USA/WI-UW-28/2020|EPI_ISL_421286|2020-03-25	USA/WI-UW-28/2020
hCoV-19/USA/WI-UW-218/2020|EPI_ISL_428314|2020-03-25	USA/WI-UW-218/2020
hCoV-19/USA/NY-Wadsworth-29118-01/2020|EPI_ISL_676762|2020-03-25	USA/NY-Wadsworth-29118-01/2020
hCoV-19/Singapore/925/2020|EPI_ISL_538456|2020-03-25	Singapore/925/2020
hCoV-19/USA/un-UOM-20x1029/2020|EPI_ISL_884542|2020-03-25	USA/un-UOM-20x1029/2020
hCoV-19/USA/CA-CZB043/2020|EPI_ISL_429048|2020-03-25	USA/CA-CZB043/2020
hCoV-19/USA/MI-MDHHS-SC21590/2020|EPI_ISL_516317|2020-03-25	USA/MI-MDHHS-SC21590/2020
hCoV-19/USA/SC-DHEC-0048/2020|EPI_ISL_491102|2020-03-25	USA/SC-DHEC-0048/2020
hCoV-19/USA/FL-TGH-0080/2020|EPI_ISL_1379487|2020-03-25	USA/FL-TGH-0080/2020
hCoV-19/USA/NY-NYCPHL-000509/2020|EPI_ISL_631970|2020-03-25	USA/NY-NYCPHL-000509/2020
hCoV-19/USA/FL-TGH-0082/2020|EPI_ISL_1379489|2020-03-25	USA/FL-TGH-0082/2020
hCoV-19/USA/FL-TGH-0083/2020|EPI_ISL_1379490|2020-03-25	USA/FL-TGH-0083/2020
hCoV-19/USA/DE-DHSS-F917887/2020|EPI_ISL_584013|2020-03-25	USA/DE-DHSS-F917887/2020
hCoV-19/USA/DE-DHSS-F917945/2020|EPI_ISL_576223|2020-03-25	USA/DE-DHSS-F917945/2020
hCoV-19/USA/DE-DHSS-F917934/2020|EPI_ISL_576225|2020-03-25	USA/DE-DHSS-F917934/2020
hCoV-19/USA/DE-DHSS-F917932/2020|EPI_ISL_576156|2020-03-25	USA/DE-DHSS-F917932/2020
hCoV-19/Canada/NS-NML-930/2020|EPI_ISL_579570|2020-03-25	Canada/NS-NML-930/2020
hCoV-19/USA/DE-DHSS-F917914/2020|EPI_ISL_576227|2020-03-25	USA/DE-DHSS-F917914/2020
hCoV-19/Scotland/CVR634/2020|EPI_ISL_425793|2020-03-25	Scotland/CVR634/2020
hCoV-19/USA/MN-MDH-1428/2020|EPI_ISL_514647|2020-03-25	USA/MN-MDH-1428/2020
hCoV-19/USA/DE-DHSS-F917930/2020|EPI_ISL_576224|2020-03-25	USA/DE-DHSS-F917930/2020
hCoV-19/USA/TX_GCID_192000135/2020|EPI_ISL_445084|2020-03-25	USA/TX_GCID_192000135/2020
hCoV-19/USA/VA_NIDDL_2702/2020|EPI_ISL_491913|2020-03-25	USA/VA_NIDDL_2702/2020
hCoV-19/USA/MI-MDHHS-SC20181/2020|EPI_ISL_436865|2020-03-25	USA/MI-MDHHS-SC20181/2020
hCoV-19/USA/FL-BPHL-0682/2020|EPI_ISL_509740|2020-03-26	USA/FL-BPHL-0682/2020
hCoV-19/USA/MA-MGH-00174/2020|EPI_ISL_460179|2020-03-26	USA/MA-MGH-00174/2020
hCoV-19/USA/WA-UW-3841/2020|EPI_ISL_427190|2020-03-26	USA/WA-UW-3841/2020
hCoV-19/USA/NY-NYUMC728/2020|EPI_ISL_451443|2020-03-26	USA/NY-NYUMC728/2020
hCoV-19/USA/MI-MDHHS-SC21094/2020|EPI_ISL_507870|2020-03-26	USA/MI-MDHHS-SC21094/2020
hCoV-19/USA/WI-WSLH-200094/2020|EPI_ISL_471258|2020-03-26	USA/WI-WSLH-200094/2020
hCoV-19/USA/IL-NM-0333/2020|EPI_ISL_936497|2020-03-26	USA/IL-NM-0333/2020
hCoV-19/USA/TX-HMH0267/2020|EPI_ISL_434896|2020-03-26	USA/TX-HMH0267/2020
hCoV-19/USA/MI-MDHHS-SC20469/2020|EPI_ISL_460008|2020-03-26	USA/MI-MDHHS-SC20469/2020
hCoV-19/USA/MA-MGH-00145/2020|EPI_ISL_460170|2020-03-26	USA/MA-MGH-00145/2020
hCoV-19/USA/MA-MGH-00143/2020|EPI_ISL_460114|2020-03-26	USA/MA-MGH-00143/2020
hCoV-19/USA/TX-HMH0268/2020|EPI_ISL_434897|2020-03-26	USA/TX-HMH0268/2020
hCoV-19/Singapore/926/2020|EPI_ISL_538458|2020-03-26	Singapore/926/2020
hCoV-19/USA/TX-HMH0263/2020|EPI_ISL_434892|2020-03-26	USA/TX-HMH0263/2020
hCoV-19/USA/TX-HMH0370/2020|EPI_ISL_434961|2020-03-27	USA/TX-HMH0370/2020
hCoV-19/Scotland/CVR876/2020|EPI_ISL_439126|2020-03-27	Scotland/CVR876/2020
hCoV-19/USA/TX-HMH0391/2020|EPI_ISL_434978|2020-03-27	USA/TX-HMH0391/2020
hCoV-19/USA/un-UOM-20x1047/2020|EPI_ISL_884549|2020-03-27	USA/un-UOM-20x1047/2020
hCoV-19/USA/TX-HMH0274/2020|EPI_ISL_434902|2020-03-27	USA/TX-HMH0274/2020
hCoV-19/USA/TX-HMH0276/2020|EPI_ISL_434904|2020-03-27	USA/TX-HMH0276/2020
hCoV-19/USA/TX-HMH0277/2020|EPI_ISL_434905|2020-03-27	USA/TX-HMH0277/2020
hCoV-19/USA/TX-HMH0279/2020|EPI_ISL_434907|2020-03-27	USA/TX-HMH0279/2020
|GA-EHC-038L	GA-EHC-038L
hCoV-19/USA/TX-HMH0290/2020|EPI_ISL_434916|2020-03-27	USA/TX-HMH0290/2020
hCoV-19/USA/IL-NM-0675/2020|EPI_ISL_626467|2020-03-27	USA/IL-NM-0675/2020
hCoV-19/Canada/AB-76629/2020|EPI_ISL_806416|2020-03-27	Canada/AB-76629/2020
hCoV-19/USA/DE-DHSS-F918161/2020|EPI_ISL_576151|2020-03-27	USA/DE-DHSS-F918161/2020
hCoV-19/USA/IL-NM-0676/2020|EPI_ISL_626468|2020-03-27	USA/IL-NM-0676/2020
hCoV-19/Canada/QC-JUS-V5291038/2020|EPI_ISL_890798|2020-03-27	Canada/QC-JUS-V5291038/2020
hCoV-19/Canada/Qc-LSPQ-L00240796/2020|EPI_ISL_465686|2020-03-27	Canada/Qc-LSPQ-L00240796/2020
hCoV-19/Canada/QC-JUS-V5290502/2020|EPI_ISL_890830|2020-03-27	Canada/QC-JUS-V5290502/2020
hCoV-19/USA/FL-UFL-UF2/2020|EPI_ISL_424351|2020-03-27	USA/FL-UFL-UF2/2020
hCoV-19/USA/FL-UF2/2020|EPI_ISL_434637|2020-03-27	USA/FL-UF2/2020
hCoV-19/USA/AZ-TG271435/2020|EPI_ISL_426534|2020-03-27	USA/AZ-TG271435/2020
hCoV-19/USA/DE-DHSS-F918170/2020|EPI_ISL_593945|2020-03-27	USA/DE-DHSS-F918170/2020
hCoV-19/USA/MA-MGH-00614/2020|EPI_ISL_460205|2020-03-28	USA/MA-MGH-00614/2020
hCoV-19/USA/TX-HMH0301/2020|EPI_ISL_434924|2020-03-28	USA/TX-HMH0301/2020
hCoV-19/USA/TX-HMH0300/2020|EPI_ISL_434923|2020-03-28	USA/TX-HMH0300/2020
hCoV-19/Canada/QC-JUS-V6010702/2020|EPI_ISL_1241193|2020-03-28	Canada/QC-JUS-V6010702/2020
hCoV-19/USA/TX-HMH0322/2020|EPI_ISL_434934|2020-03-28	USA/TX-HMH0322/2020
hCoV-19/USA/un-UOM-20x1052/2020|EPI_ISL_884552|2020-03-28	USA/un-UOM-20x1052/2020
hCoV-19/USA/WI-UW-235/2020|EPI_ISL_428331|2020-03-28	USA/WI-UW-235/2020
hCoV-19/USA/TX-HMH0303/2020|EPI_ISL_434925|2020-03-28	USA/TX-HMH0303/2020
hCoV-19/USA/MI-UM-2006S000881/2020|EPI_ISL_484731|2020-03-28	USA/MI-UM-2006S000881/2020
hCoV-19/USA/VA-DCLS-0070/2020|EPI_ISL_429970|2020-03-28	USA/VA-DCLS-0070/2020
hCoV-19/USA/IL-NM-0672/2020|EPI_ISL_626464|2020-03-28	USA/IL-NM-0672/2020
hCoV-19/USA/WI-UW-245/2020|EPI_ISL_428341|2020-03-28	USA/WI-UW-245/2020
hCoV-19/Taiwan/NCKUH-013/2020|EPI_ISL_493206|2020-03-28	Taiwan/NCKUH-013/2020
hCoV-19/Canada/AB-89673/2020|EPI_ISL_806248|2020-03-28	Canada/AB-89673/2020
hCoV-19/USA/VA-DCLS-0591/2020|EPI_ISL_526811|2020-03-28	USA/VA-DCLS-0591/2020
hCoV-19/USA/VA-DCLS-0595/2020|EPI_ISL_526815|2020-03-28	USA/VA-DCLS-0595/2020
hCoV-19/USA/IL-NM-0367/2020|EPI_ISL_626382|2020-03-28	USA/IL-NM-0367/2020
hCoV-19/USA/TX-HMH0360/2020|EPI_ISL_434953|2020-03-29	USA/TX-HMH0360/2020
hCoV-19/USA/MD-HP00154/2020|EPI_ISL_457783|2020-03-29	USA/MD-HP00154/2020
hCoV-19/USA/TX-HMH0387/2020|EPI_ISL_434974|2020-03-29	USA/TX-HMH0387/2020
hCoV-19/USA/CA-CSMC134/2020|EPI_ISL_475612|2020-03-30	USA/CA-CSMC134/2020
hCoV-19/USA/NC-UNC-LCCC0007/2020|EPI_ISL_877591|2020-03-30	USA/NC-UNC-LCCC0007/2020
|GA-EHC-113J	GA-EHC-113J
|GA-EHC-111G	GA-EHC-111G
|GA-EHC-108D	GA-EHC-108D
hCoV-19/United_Arab_Emirates/P1/2020|EPI_ISL_463740|2020-03-30	UnitedArabEmirates/P1/2020
hCoV-19/USA/MO-MSPHL-000042/2020|EPI_ISL_1362593|2020-03-30	USA/MO-MSPHL-000042/2020
hCoV-19/USA/TX-HMH-1736/2020|EPI_ISL_542803|2020-03-30	USA/TX-HMH-1736/2020
hCoV-19/USA/VA-DCLS-0071/2020|EPI_ISL_429971|2020-03-30	USA/VA-DCLS-0071/2020
hCoV-19/USA/TX-HMH0379/2020|EPI_ISL_434967|2020-03-30	USA/TX-HMH0379/2020
hCoV-19/USA/NY-NYUMC565/2020|EPI_ISL_444682|2020-03-30	USA/NY-NYUMC565/2020
hCoV-19/USA/MI-MDHHS-SC21136/2020|EPI_ISL_507912|2020-03-30	USA/MI-MDHHS-SC21136/2020
hCoV-19/USA/MD-HP00087/2020|EPI_ISL_438241|2020-03-30	USA/MD-HP00087/2020
hCoV-19/USA/TX-HMH0381/2020|EPI_ISL_434969|2020-03-30	USA/TX-HMH0381/2020
hCoV-19/USA/FL-BPHL-1227/2020|EPI_ISL_541237|2020-03-30	USA/FL-BPHL-1227/2020
hCoV-19/Canada/Qc-LSPQ-L00243560/2020|EPI_ISL_536363|2020-03-30	Canada/Qc-LSPQ-L00243560/2020
hCoV-19/USA/TX-HMH0375/2020|EPI_ISL_434964|2020-03-31	USA/TX-HMH0375/2020
hCoV-19/USA/TX-HMH0399/2020|EPI_ISL_434986|2020-03-31	USA/TX-HMH0399/2020
hCoV-19/USA/MN-MDH-1436/2020|EPI_ISL_514655|2020-03-31	USA/MN-MDH-1436/2020
hCoV-19/USA/TX-HMH-1213/2020|EPI_ISL_542587|2020-03-31	USA/TX-HMH-1213/2020
hCoV-19/USA/TX-HMH0396/2020|EPI_ISL_434983|2020-03-31	USA/TX-HMH0396/2020
hCoV-19/USA/FL-BPHL-0714/2020|EPI_ISL_509772|2020-03-31	USA/FL-BPHL-0714/2020
hCoV-19/USA/DE-DHSS-F918451/2020|EPI_ISL_593966|2020-03-31	USA/DE-DHSS-F918451/2020
hCoV-19/USA/TX-HMH0394/2020|EPI_ISL_434981|2020-03-31	USA/TX-HMH0394/2020
hCoV-19/Canada/Qc-LSPQ-L00244008/2020|EPI_ISL_536387|2020-03-31	Canada/Qc-LSPQ-L00244008/2020
hCoV-19/USA/CA-CZB-1280/2020|EPI_ISL_454638|2020-03-31	USA/CA-CZB-1280/2020
hCoV-19/USA/MI-UM-2006S000851/2020|EPI_ISL_484710|2020-03-31	USA/MI-UM-2006S000851/2020
hCoV-19/USA/OH-OSUP0016/2020|EPI_ISL_427288|2020-03-31	USA/OH-OSUP0016/2020
hCoV-19/USA/PA-MGEL107/2020|EPI_ISL_454384|2020-03-31	USA/PA-MGEL107/2020
hCoV-19/USA/DE-DHSS-F918443/2020|EPI_ISL_593963|2020-03-31	USA/DE-DHSS-F918443/2020
hCoV-19/USA/VA-DCLS-0613/2020|EPI_ISL_526829|2020-04-01	USA/VA-DCLS-0613/2020
hCoV-19/USA/TX-HMH0423/2020|EPI_ISL_435006|2020-04-01	USA/TX-HMH0423/2020
hCoV-19/Scotland/CVR1361/2020|EPI_ISL_433554|2020-04-01	Scotland/CVR1361/2020
hCoV-19/USA/TX-HMH0400/2020|EPI_ISL_434987|2020-04-01	USA/TX-HMH0400/2020
hCoV-19/USA/CA-CZB-1281/2020|EPI_ISL_454639|2020-04-01	USA/CA-CZB-1281/2020
hCoV-19/USA/MS-CDC-6584/2020|EPI_ISL_648041|2020-04-01	USA/MS-CDC-6584/2020
hCoV-19/USA/TX-HMH-740/2020|EPI_ISL_546738|2020-04-01	USA/TX-HMH-740/2020
hCoV-19/USA/TX-HMH-1185/2020|EPI_ISL_542573|2020-04-01	USA/TX-HMH-1185/2020
hCoV-19/USA/NY-NYCPHL-000491/2020|EPI_ISL_631954|2020-04-01	USA/NY-NYCPHL-000491/2020
hCoV-19/USA/TX-HMH0395/2020|EPI_ISL_434982|2020-04-01	USA/TX-HMH0395/2020
hCoV-19/USA/TX-HMH0431/2020|EPI_ISL_435014|2020-04-02	USA/TX-HMH0431/2020
hCoV-19/USA/TX-HMH0435/2020|EPI_ISL_435018|2020-04-02	USA/TX-HMH0435/2020
hCoV-19/USA/TX-HMH0432/2020|EPI_ISL_435015|2020-04-02	USA/TX-HMH0432/2020
hCoV-19/Scotland/CVR1469/2020|EPI_ISL_433594|2020-04-02	Scotland/CVR1469/2020
hCoV-19/USA/WA-S343/2020|EPI_ISL_434103|2020-04-02	USA/WA-S343/2020
hCoV-19/USA/TX-HMH-511/2020|EPI_ISL_544532|2020-04-02	USA/TX-HMH-511/2020
hCoV-19/USA/TX-HMH-765/2020|EPI_ISL_546913|2020-04-02	USA/TX-HMH-765/2020
hCoV-19/Canada/QC-L00245202/2020|EPI_ISL_1241316|2020-04-02	Canada/QC-L00245202/2020
hCoV-19/Taiwan/CGMH-CGU-29/2020|EPI_ISL_464093|2020-04-02	Taiwan/CGMH-CGU-29/2020
hCoV-19/USA/TX-HMH0430/2020|EPI_ISL_435013|2020-04-02	USA/TX-HMH0430/2020
hCoV-19/USA/VA_NIDDL_2896/2020|EPI_ISL_491921|2020-04-02	USA/VA_NIDDL_2896/2020
hCoV-19/USA/TX-HMH0428/2020|EPI_ISL_435011|2020-04-02	USA/TX-HMH0428/2020
hCoV-19/USA/TX-HMH0427/2020|EPI_ISL_435010|2020-04-02	USA/TX-HMH0427/2020
hCoV-19/USA/CA-CSMC71/2020|EPI_ISL_475686|2020-04-03	USA/CA-CSMC71/2020
hCoV-19/USA/TX-HMH0450/2020|EPI_ISL_435029|2020-04-03	USA/TX-HMH0450/2020
hCoV-19/USA/UT-UPHL-03753/2020|EPI_ISL_575103|2020-04-03	USA/UT-UPHL-03753/2020
hCoV-19/USA/TX-HMH-996/2020|EPI_ISL_545953|2020-04-03	USA/TX-HMH-996/2020
hCoV-19/USA/TX-HMH-520/2020|EPI_ISL_544588|2020-04-03	USA/TX-HMH-520/2020
hCoV-19/Scotland/CVR1499/2020|EPI_ISL_438829|2020-04-03	Scotland/CVR1499/2020
hCoV-19/Scotland/CVR1501/2020|EPI_ISL_448117|2020-04-03	Scotland/CVR1501/2020
hCoV-19/USA/MD-MDH-0026/2020|EPI_ISL_481272|2020-04-03	USA/MD-MDH-0026/2020
hCoV-19/USA/TX-HMH-457/2020|EPI_ISL_543724|2020-04-03	USA/TX-HMH-457/2020
hCoV-19/USA/TX-HMH-464/2020|EPI_ISL_543776|2020-04-03	USA/TX-HMH-464/2020
hCoV-19/USA/TX-HMH-751/2020|EPI_ISL_546810|2020-04-03	USA/TX-HMH-751/2020
hCoV-19/USA/TX-HMH-749/2020|EPI_ISL_546797|2020-04-03	USA/TX-HMH-749/2020
hCoV-19/USA/TX-HMH-519/2020|EPI_ISL_544585|2020-04-03	USA/TX-HMH-519/2020
hCoV-19/Scotland/CVR1573/2020|EPI_ISL_438841|2020-04-04	Scotland/CVR1573/2020
hCoV-19/USA/PA-MGEL110/2020|EPI_ISL_454387|2020-04-04	USA/PA-MGEL110/2020
hCoV-19/USA/FL-BPHL-0193/2020|EPI_ISL_480844|2020-04-04	USA/FL-BPHL-0193/2020
hCoV-19/USA/TX-HMH-474/2020|EPI_ISL_544296|2020-04-04	USA/TX-HMH-474/2020
hCoV-19/USA/VA_NIDDL_2929/2020|EPI_ISL_491923|2020-04-04	USA/VA_NIDDL_2929/2020
hCoV-19/USA/FL-BPHL-0617/2020|EPI_ISL_508821|2020-04-04	USA/FL-BPHL-0617/2020
hCoV-19/Canada/QC-L00246066/2020|EPI_ISL_1241363|2020-04-04	Canada/QC-L00246066/2020
hCoV-19/USA/GA-EHC-147S/2020|EPI_ISL_1278058|2020-04-05	USA/GA-EHC-147S/2020
hCoV-19/USA/TX-HMH-570/2020|EPI_ISL_546952|2020-04-06	USA/TX-HMH-570/2020
hCoV-19/USA/GA-EHC-139K/2020|EPI_ISL_754769|2020-04-06	USA/GA-EHC-139K/2020
hCoV-19/USA/FL-BPHL-1854/2020|EPI_ISL_613934|2020-04-06	USA/FL-BPHL-1854/2020
hCoV-19/USA/MD-HP00567/2020|EPI_ISL_511871|2020-04-06	USA/MD-HP00567/2020
hCoV-19/USA/MI-UM-2006S000954/2020|EPI_ISL_484769|2020-04-06	USA/MI-UM-2006S000954/2020
hCoV-19/USA/TX-HMH-1054/2020|EPI_ISL_542509|2020-04-06	USA/TX-HMH-1054/2020
hCoV-19/USA/TX-HMH-535/2020|EPI_ISL_544705|2020-04-06	USA/TX-HMH-535/2020
hCoV-19/USA/FL-BPHL-1852/2020|EPI_ISL_613932|2020-04-06	USA/FL-BPHL-1852/2020
hCoV-19/USA/MD-HP00549/2020|EPI_ISL_511869|2020-04-06	USA/MD-HP00549/2020
hCoV-19/USA/FL-BPHL-0115/2020|EPI_ISL_450849|2020-04-07	USA/FL-BPHL-0115/2020
hCoV-19/USA/GA-EHC-143O/2020|EPI_ISL_1278055|2020-04-07	USA/GA-EHC-143O/2020
hCoV-19/USA/GA-EHC-144P/2020|EPI_ISL_1278056|2020-04-07	USA/GA-EHC-144P/2020
hCoV-19/USA/GA-EHC-145Q/2020|EPI_ISL_1278057|2020-04-07	USA/GA-EHC-145Q/2020
hCoV-19/USA/TX-HMH-961/2020|EPI_ISL_545935|2020-04-07	USA/TX-HMH-961/2020
hCoV-19/Canada/QC-L00247642/2020|EPI_ISL_1241424|2020-04-08	Canada/QC-L00247642/2020
hCoV-19/USA/FL-BPHL-1830/2020|EPI_ISL_613915|2020-04-08	USA/FL-BPHL-1830/2020
hCoV-19/Canada/QC-L00247877/2020|EPI_ISL_1241438|2020-04-08	Canada/QC-L00247877/2020
hCoV-19/USA/FL-BPHL-1820/2020|EPI_ISL_613908|2020-04-08	USA/FL-BPHL-1820/2020
hCoV-19/Canada/QC-L00247643/2020|EPI_ISL_1241425|2020-04-08	Canada/QC-L00247643/2020
hCoV-19/Scotland/CVR1856/2020|EPI_ISL_433660|2020-04-08	Scotland/CVR1856/2020
hCoV-19/USA/FL-BPHL-1818/2020|EPI_ISL_613907|2020-04-08	USA/FL-BPHL-1818/2020
hCoV-19/USA/TX-HMH-717/2020|EPI_ISL_546565|2020-04-08	USA/TX-HMH-717/2020
hCoV-19/USA/TX-HMH-783/2020|EPI_ISL_545653|2020-04-08	USA/TX-HMH-783/2020
hCoV-19/USA/TX-HMH-819/2020|EPI_ISL_545852|2020-04-08	USA/TX-HMH-819/2020
hCoV-19/USA/TX-HMH-870/2020|EPI_ISL_545887|2020-04-08	USA/TX-HMH-870/2020
hCoV-19/USA/FL-BPHL-1827/2020|EPI_ISL_613913|2020-04-08	USA/FL-BPHL-1827/2020
hCoV-19/USA/FL-BPHL-1945/2020|EPI_ISL_653098|2020-04-09	USA/FL-BPHL-1945/2020
hCoV-19/USA/FL-BPHL-1459/2020|EPI_ISL_549241|2020-04-09	USA/FL-BPHL-1459/2020
hCoV-19/USA/FL-BPHL-1872/2020|EPI_ISL_613948|2020-04-09	USA/FL-BPHL-1872/2020
hCoV-19/USA/VA-DCLS-0095/2020|EPI_ISL_434590|2020-04-09	USA/VA-DCLS-0095/2020
hCoV-19/USA/FL-BPHL-1870/2020|EPI_ISL_613946|2020-04-09	USA/FL-BPHL-1870/2020
hCoV-19/USA/FL-BPHL-1865/2020|EPI_ISL_613943|2020-04-09	USA/FL-BPHL-1865/2020
hCoV-19/USA/TX-HMH-568/2020|EPI_ISL_546940|2020-04-09	USA/TX-HMH-568/2020
hCoV-19/USA/TX-HMH-906/2020|EPI_ISL_545909|2020-04-09	USA/TX-HMH-906/2020
hCoV-19/USA/TX-HMH-741/2020|EPI_ISL_546747|2020-04-09	USA/TX-HMH-741/2020
hCoV-19/USA/FL-BPHL-1869/2020|EPI_ISL_613945|2020-04-09	USA/FL-BPHL-1869/2020
hCoV-19/USA/TX-HMH-1528/2020|EPI_ISL_542775|2020-04-09	USA/TX-HMH-1528/2020
hCoV-19/USA/FL-BPHL-1866/2020|EPI_ISL_613944|2020-04-09	USA/FL-BPHL-1866/2020
hCoV-19/USA/FL-BPHL-1871/2020|EPI_ISL_613947|2020-04-09	USA/FL-BPHL-1871/2020
hCoV-19/USA/TX-HMH-1003/2020|EPI_ISL_542488|2020-04-09	USA/TX-HMH-1003/2020
hCoV-19/Canada/QC-L00248453/2020|EPI_ISL_1324739|2020-04-09	Canada/QC-L00248453/2020
hCoV-19/Scotland/CVR2096/2020|EPI_ISL_490662|2020-04-10	Scotland/CVR2096/2020
hCoV-19/USA/TX-HMH-985/2020|EPI_ISL_545947|2020-04-10	USA/TX-HMH-985/2020
hCoV-19/USA/VA-DCLS-0098/2020|EPI_ISL_434592|2020-04-10	USA/VA-DCLS-0098/2020
hCoV-19/USA/TX-HMH-973/2020|EPI_ISL_545940|2020-04-10	USA/TX-HMH-973/2020
hCoV-19/Scotland/CVR2147/2020|EPI_ISL_484563|2020-04-10	Scotland/CVR2147/2020
hCoV-19/USA/TX-QDX-170/2020|EPI_ISL_494541|2020-04-10	USA/TX-QDX-170/2020
hCoV-19/USA/TX-HMH-896/2020|EPI_ISL_545908|2020-04-10	USA/TX-HMH-896/2020
hCoV-19/USA/TX-HMH-815/2020|EPI_ISL_545849|2020-04-10	USA/TX-HMH-815/2020
hCoV-19/Canada/QC-L00248166/2020|EPI_ISL_1241461|2020-04-10	Canada/QC-L00248166/2020
hCoV-19/USA/MN-MDH-470/2020|EPI_ISL_437374|2020-04-10	USA/MN-MDH-470/2020
hCoV-19/USA/MO-MSPHL-000069/2020|EPI_ISL_1362620|2020-04-10	USA/MO-MSPHL-000069/2020
hCoV-19/USA/MO-MSPHL-000072/2020|EPI_ISL_1362623|2020-04-10	USA/MO-MSPHL-000072/2020
hCoV-19/Scotland/CVR2129/2020|EPI_ISL_477857|2020-04-10	Scotland/CVR2129/2020
hCoV-19/Canada/QC-L00248202/2020|EPI_ISL_1241462|2020-04-10	Canada/QC-L00248202/2020
hCoV-19/USA/FL-BPHL-0324/2020|EPI_ISL_489733|2020-04-10	USA/FL-BPHL-0324/2020
hCoV-19/USA/TX-HMH-1011/2020|EPI_ISL_542492|2020-04-10	USA/TX-HMH-1011/2020
hCoV-19/USA/MA-MGH-00908/2020|EPI_ISL_791818|2020-04-10	USA/MA-MGH-00908/2020
hCoV-19/Canada/QC-L00248238/2020|EPI_ISL_1241463|2020-04-10	Canada/QC-L00248238/2020
hCoV-19/Canada/NB_271/2020|EPI_ISL_481756|2020-04-10	Canada/NB_271/2020
hCoV-19/USA/TX-QDX-169/2020|EPI_ISL_494540|2020-04-10	USA/TX-QDX-169/2020
hCoV-19/USA/TX-HMH-625/2020|EPI_ISL_547340|2020-04-11	USA/TX-HMH-625/2020
hCoV-19/USA/TX-HMH-1070/2020|EPI_ISL_542517|2020-04-11	USA/TX-HMH-1070/2020
hCoV-19/USA/IL-UW-126/2020|EPI_ISL_427433|2020-04-11	USA/IL-UW-126/2020
hCoV-19/USA/FL-TGH-0114/2020|EPI_ISL_1379518|2020-04-11	USA/FL-TGH-0114/2020
hCoV-19/USA/NC-UNC-LCCC0012/2020|EPI_ISL_877596|2020-04-11	USA/NC-UNC-LCCC0012/2020
hCoV-19/USA/TX-HMH-675/2020|EPI_ISL_546214|2020-04-12	USA/TX-HMH-675/2020
hCoV-19/USA/FL-BPHL-1960/2020|EPI_ISL_653113|2020-04-12	USA/FL-BPHL-1960/2020
hCoV-19/USA/IL-UW-143/2020|EPI_ISL_427450|2020-04-13	USA/IL-UW-143/2020
hCoV-19/USA/FL-BPHL-0363/2020|EPI_ISL_489772|2020-04-13	USA/FL-BPHL-0363/2020
hCoV-19/USA/TX-HMH-1281/2020|EPI_ISL_542628|2020-04-13	USA/TX-HMH-1281/2020
hCoV-19/USA/FL-BPHL-0364/2020|EPI_ISL_489773|2020-04-13	USA/FL-BPHL-0364/2020
hCoV-19/USA/TX-HMH-1439/2020|EPI_ISL_542724|2020-04-13	USA/TX-HMH-1439/2020
hCoV-19/USA/WI-WSLH-200239/2020|EPI_ISL_578459|2020-04-13	USA/WI-WSLH-200239/2020
hCoV-19/USA/FL-BPHL-0330/2020|EPI_ISL_489739|2020-04-13	USA/FL-BPHL-0330/2020
hCoV-19/USA/IL-NM-0420/2020|EPI_ISL_626400|2020-04-13	USA/IL-NM-0420/2020
hCoV-19/USA/FL-BPHL-0360/2020|EPI_ISL_489769|2020-04-13	USA/FL-BPHL-0360/2020
hCoV-19/USA/FL-BPHL-0361/2020|EPI_ISL_489770|2020-04-13	USA/FL-BPHL-0361/2020
hCoV-19/USA/FL-BPHL-0328/2020|EPI_ISL_489737|2020-04-13	USA/FL-BPHL-0328/2020
hCoV-19/Scotland/CVR2362/2020|EPI_ISL_490686|2020-04-13	Scotland/CVR2362/2020
hCoV-19/USA/FL-BPHL-1975/2020|EPI_ISL_653128|2020-04-13	USA/FL-BPHL-1975/2020
hCoV-19/USA/MO-MSPHL-000081/2020|EPI_ISL_1362632|2020-04-14	USA/MO-MSPHL-000081/2020
hCoV-19/USA/IL-NM-0404/2020|EPI_ISL_626390|2020-04-14	USA/IL-NM-0404/2020
hCoV-19/USA/MO-MSPHL-000080/2020|EPI_ISL_1362631|2020-04-14	USA/MO-MSPHL-000080/2020
hCoV-19/USA/MO-MSPHL-000079/2020|EPI_ISL_1362630|2020-04-14	USA/MO-MSPHL-000079/2020
hCoV-19/USA/TX-HMH-1351/2020|EPI_ISL_542665|2020-04-14	USA/TX-HMH-1351/2020
hCoV-19/USA/IL-UW-349/2020|EPI_ISL_450703|2020-04-15	USA/IL-UW-349/2020
hCoV-19/Panama/GMI-PA341769/2020|EPI_ISL_1225331|2020-04-15	Panama/GMI-PA341769/2020
hCoV-19/USA/NC-UNC-LCCC0230/2020|EPI_ISL_968176|2020-04-15	USA/NC-UNC-LCCC0230/2020
hCoV-19/USA/PA-MGEL-00210/2020|EPI_ISL_681939|2020-04-15	USA/PA-MGEL-00210/2020
hCoV-19/USA/TX-HMH-915/2020|EPI_ISL_545916|2020-04-16	USA/TX-HMH-915/2020
hCoV-19/USA/MD_NIDDL_3202/2020|EPI_ISL_491909|2020-04-16	USA/MD_NIDDL_3202/2020
hCoV-19/USA/FL-BPHL-1973/2020|EPI_ISL_653126|2020-04-16	USA/FL-BPHL-1973/2020
hCoV-19/USA/FL-BPHL-1974/2020|EPI_ISL_653127|2020-04-16	USA/FL-BPHL-1974/2020
hCoV-19/USA/TX-HMH-3051/2020|EPI_ISL_543957|2020-04-16	USA/TX-HMH-3051/2020
hCoV-19/USA/FL-BPHL-1994/2020|EPI_ISL_653147|2020-04-16	USA/FL-BPHL-1994/2020
hCoV-19/USA/NY-UB-00148/2020|EPI_ISL_1009371|2020-04-17	USA/NY-UB-00148/2020
hCoV-19/USA/FL-BPHL-0212/2020|EPI_ISL_480863|2020-04-17	USA/FL-BPHL-0212/2020
hCoV-19/USA/MI-MDHHS-SC20837/2020|EPI_ISL_471858|2020-04-17	USA/MI-MDHHS-SC20837/2020
hCoV-19/USA/FL-BPHL-1995/2020|EPI_ISL_653148|2020-04-17	USA/FL-BPHL-1995/2020
hCoV-19/USA/NC-UNC-LCCC0014/2020|EPI_ISL_877597|2020-04-17	USA/NC-UNC-LCCC0014/2020
hCoV-19/USA/MO-MSPHL-000093/2020|EPI_ISL_1362644|2020-04-17	USA/MO-MSPHL-000093/2020
hCoV-19/USA/TX-HMH-2982/2020|EPI_ISL_543910|2020-04-17	USA/TX-HMH-2982/2020
hCoV-19/USA/MO-MSPHL-000092/2020|EPI_ISL_1362643|2020-04-17	USA/MO-MSPHL-000092/2020
hCoV-19/USA/MO-MSPHL-000090/2020|EPI_ISL_1362641|2020-04-17	USA/MO-MSPHL-000090/2020
hCoV-19/USA/MO-MSPHL-000089/2020|EPI_ISL_1362640|2020-04-17	USA/MO-MSPHL-000089/2020
hCoV-19/USA/MO-MSPHL-000088/2020|EPI_ISL_1362639|2020-04-17	USA/MO-MSPHL-000088/2020
hCoV-19/USA/MO-MSPHL-000085/2020|EPI_ISL_1362636|2020-04-17	USA/MO-MSPHL-000085/2020
hCoV-19/USA/MO-MSPHL-000084/2020|EPI_ISL_1362635|2020-04-17	USA/MO-MSPHL-000084/2020
hCoV-19/USA/MI-UM-2006S001093/2020|EPI_ISL_495577|2020-04-17	USA/MI-UM-2006S001093/2020
hCoV-19/USA/MO-MSPHL-000091/2020|EPI_ISL_1362642|2020-04-17	USA/MO-MSPHL-000091/2020
hCoV-19/USA/FL-04-UMTL-9BWN/2020|EPI_ISL_479763|2020-04-18	USA/FL-04-UMTL-9BWN/2020
hCoV-19/USA/GA-EHC-179Y/2020|EPI_ISL_1278059|2020-04-18	USA/GA-EHC-179Y/2020
hCoV-19/USA/FL-BPHL-1236/2020|EPI_ISL_541154|2020-04-19	USA/FL-BPHL-1236/2020
hCoV-19/USA/FL-BPHL-0301/2020|EPI_ISL_489710|2020-04-19	USA/FL-BPHL-0301/2020
hCoV-19/USA/AZ-TG668396/2020|EPI_ISL_696302|2020-04-20	USA/AZ-TG668396/2020
hCoV-19/USA/MD-MDH-0193/2020|EPI_ISL_560806|2020-04-20	USA/MD-MDH-0193/2020
hCoV-19/USA/TX-HMH-1723/2020|EPI_ISL_542792|2020-04-20	USA/TX-HMH-1723/2020
hCoV-19/USA/FL-BPHL-0215/2020|EPI_ISL_480866|2020-04-20	USA/FL-BPHL-0215/2020
hCoV-19/USA/FL-BPHL-0369/2020|EPI_ISL_489778|2020-04-21	USA/FL-BPHL-0369/2020
hCoV-19/USA/GA-EHC-202V/2020|EPI_ISL_1278062|2020-04-21	USA/GA-EHC-202V/2020
hCoV-19/USA/TX-HMH-1386/2020|EPI_ISL_542689|2020-04-21	USA/TX-HMH-1386/2020
hCoV-19/USA/TX-HMH-1313/2020|EPI_ISL_542646|2020-04-21	USA/TX-HMH-1313/2020
hCoV-19/USA/FL-BPHL-0227/2020|EPI_ISL_480878|2020-04-21	USA/FL-BPHL-0227/2020
hCoV-19/USA/FL-BPHL-0371/2020|EPI_ISL_489780|2020-04-22	USA/FL-BPHL-0371/2020
hCoV-19/USA/FL-BPHL-1069/2020|EPI_ISL_526555|2020-04-22	USA/FL-BPHL-1069/2020
hCoV-19/USA/TX-HMH-1120/2020|EPI_ISL_542542|2020-04-22	USA/TX-HMH-1120/2020
hCoV-19/USA/FL-BPHL-0383/2020|EPI_ISL_489792|2020-04-23	USA/FL-BPHL-0383/2020
hCoV-19/USA/WI-WSLH-200133/2020|EPI_ISL_578361|2020-04-23	USA/WI-WSLH-200133/2020
hCoV-19/USA/PA-MGEL-00264/2020|EPI_ISL_681994|2020-04-23	USA/PA-MGEL-00264/2020
hCoV-19/USA/TX-HMH-1453/2020|EPI_ISL_542731|2020-04-23	USA/TX-HMH-1453/2020
hCoV-19/USA/NC-USAFSAM-S124/2020|EPI_ISL_812336|2020-04-24	USA/NC-USAFSAM-S124/2020
hCoV-19/USA/IL-NM-0517/2020|EPI_ISL_626439|2020-04-26	USA/IL-NM-0517/2020
hCoV-19/USA/TX-HMH-1164/2020|EPI_ISL_542562|2020-04-26	USA/TX-HMH-1164/2020
hCoV-19/USA/TX-HMH-1935/2020|EPI_ISL_542908|2020-04-29	USA/TX-HMH-1935/2020
hCoV-19/USA/TX-HMH-1426/2020|EPI_ISL_542717|2020-04-29	USA/TX-HMH-1426/2020
hCoV-19/USA/TX-HMH-1436/2020|EPI_ISL_542723|2020-04-30	USA/TX-HMH-1436/2020
hCoV-19/USA/NC-UNC-LCCC0235/2020|EPI_ISL_968178|2020-04-30	USA/NC-UNC-LCCC0235/2020
hCoV-19/USA/VA-DCLS-0860/2020|EPI_ISL_516656|2020-04-30	USA/VA-DCLS-0860/2020
hCoV-19/USA/IL-IDPH-C-000420/2020|EPI_ISL_848474|2020-04-30	USA/IL-IDPH-C-000420/2020
hCoV-19/USA/NY-NYUMC894/2020|EPI_ISL_467387|2020-04-30	USA/NY-NYUMC894/2020
hCoV-19/USA/TX-HMH-1449/2020|EPI_ISL_542729|2020-05-01	USA/TX-HMH-1449/2020
hCoV-19/USA/TX-HMH-1380/2020|EPI_ISL_542684|2020-05-01	USA/TX-HMH-1380/2020
hCoV-19/USA/TX-HMH-1365/2020|EPI_ISL_542674|2020-05-02	USA/TX-HMH-1365/2020
hCoV-19/USA/NE-11163/2020|EPI_ISL_475201|2020-05-04	USA/NE-11163/2020
hCoV-19/USA/FL-BPHL-0884/2020|EPI_ISL_526553|2020-05-04	USA/FL-BPHL-0884/2020
hCoV-19/USA/WI-UW-936/2020|EPI_ISL_509936|2020-05-05	USA/WI-UW-936/2020
hCoV-19/USA/GA-EHC-246N/2020|EPI_ISL_1278065|2020-05-06	USA/GA-EHC-246N/2020
hCoV-19/USA/TX-HMH-1788/2020|EPI_ISL_542839|2020-05-12	USA/TX-HMH-1788/2020
hCoV-19/USA/FL-BPHL-0410/2020|EPI_ISL_489819|2020-05-14	USA/FL-BPHL-0410/2020
hCoV-19/USA/IL-IDPH-PEO-S-000693/2020|EPI_ISL_1323217|2020-05-14	USA/IL-IDPH-PEO-S-000693/2020
hCoV-19/USA/FL-BPHL-0408/2020|EPI_ISL_489817|2020-05-14	USA/FL-BPHL-0408/2020
hCoV-19/USA/TX-HMH-1776/2020|EPI_ISL_542831|2020-05-14	USA/TX-HMH-1776/2020
hCoV-19/South_Korea/KCDC2291/2020|EPI_ISL_510627|2020-05-20	SouthKorea/KCDC2291/2020
hCoV-19/USA/UT-UPHL-04471/2020|EPI_ISL_525338|2020-05-21	USA/UT-UPHL-04471/2020
hCoV-19/USA/UT-UPHL-04473/2020|EPI_ISL_525340|2020-05-21	USA/UT-UPHL-04473/2020
hCoV-19/USA/TX-HMH-2145/2020|EPI_ISL_545143|2020-05-22	USA/TX-HMH-2145/2020
hCoV-19/South_Korea/KCDC2300/2020|EPI_ISL_510636|2020-05-22	SouthKorea/KCDC2300/2020
hCoV-19/USA/MD-MDH-0080/2020|EPI_ISL_509484|2020-05-25	USA/MD-MDH-0080/2020
hCoV-19/USA/IL-NM-0933/2020|EPI_ISL_936513|2020-05-25	USA/IL-NM-0933/2020
hCoV-19/USA/MD-MDH-0081/2020|EPI_ISL_509485|2020-05-25	USA/MD-MDH-0081/2020
hCoV-19/USA/MD-MDH-0093/2020|EPI_ISL_522829|2020-05-26	USA/MD-MDH-0093/2020
hCoV-19/USA/MD-MDH-0094/2020|EPI_ISL_522830|2020-05-26	USA/MD-MDH-0094/2020
hCoV-19/USA/MD-MDH-0082/2020|EPI_ISL_509486|2020-05-26	USA/MD-MDH-0082/2020
hCoV-19/USA/MD-MDH-0095/2020|EPI_ISL_522831|2020-05-26	USA/MD-MDH-0095/2020
hCoV-19/USA/MD-MDH-0096/2020|EPI_ISL_522832|2020-05-26	USA/MD-MDH-0096/2020
hCoV-19/USA/MD-MDH-0103/2020|EPI_ISL_522838|2020-05-27	USA/MD-MDH-0103/2020
hCoV-19/USA/TX-HMH-2451/2020|EPI_ISL_545317|2020-05-28	USA/TX-HMH-2451/2020
hCoV-19/USA/VA-DCLS-0995/2020|EPI_ISL_914865|2020-05-29	USA/VA-DCLS-0995/2020
hCoV-19/USA/IL-IDPH-COO-C-001507/2020|EPI_ISL_1032699|2020-06-26	USA/IL-IDPH-COO-C-001507/2020
hCoV-19/USA/GA-CDC-6258/2020|EPI_ISL_527658|2020-07-01	USA/GA-CDC-6258/2020
hCoV-19/USA/TX-HMH-MCoV-13481/2020|EPI_ISL_788610|2020-08-22	USA/TX-HMH-MCoV-13481/2020
