hCoV-19/USA/GA-CDC-2059/2020|EPI_ISL_452125|2020-03-07
hCoV-19/USA/GA-CDC-8427/2020|EPI_ISL_594456|2020-03-06
hCoV-19/USA/GA-QDX-115/2020|EPI_ISL_467845|2020-03-13
hCoV-19/USA/GA-QDX-116/2020|EPI_ISL_467846|2020-03-13
hCoV-19/USA/GA-QDX-122/2020|EPI_ISL_467847|2020-03-13
hCoV-19/USA/GA-QDX-152/2020|EPI_ISL_467848|2020-03-13
hCoV-19/USA/GA-QDX-1717/2020|EPI_ISL_604024|2020-03-16
hCoV-19/USA/GA-QDX-1742/2020|EPI_ISL_604025|2020-03-16
hCoV-19/USA/GA-QDX-1771/2020|EPI_ISL_604027|2020-03-16
hCoV-19/USA/GA-QDX-1938/2020|EPI_ISL_604222|2020-03-13
hCoV-19/USA/GA-QDX-2115/2020|EPI_ISL_604449|2020-03-14
hCoV-19/USA/GA-QDX-2150/2020|EPI_ISL_604450|2020-03-14
hCoV-19/USA/GA-QDX-2158/2020|EPI_ISL_604451|2020-03-14
hCoV-19/USA/GA-QDX-2196/2020|EPI_ISL_604527|2020-03-13
hCoV-19/USA/GA-QDX-2219/2020|EPI_ISL_604529|2020-03-15
hCoV-19/USA/GA-QDX-2259/2020|EPI_ISL_604531|2020-03-13
hCoV-19/USA/GA-QDX-2367/2020|EPI_ISL_604692|2020-03-16
hCoV-19/USA/GA-QDX-2388/2020|EPI_ISL_604694|2020-03-16
hCoV-19/USA/GA-QDX-2420/2020|EPI_ISL_604695|2020-03-16
hCoV-19/USA/GA-QDX-2425/2020|EPI_ISL_604697|2020-03-16
hCoV-19/USA/GA-QDX-2442/2020|EPI_ISL_604777|2020-03-13
hCoV-19/USA/GA-QDX-2443/2020|EPI_ISL_604778|2020-03-13
hCoV-19/USA/GA-QDX-2461/2020|EPI_ISL_604779|2020-03-14
hCoV-19/USA/GA-QDX-2553/2020|EPI_ISL_604781|2020-03-14
hCoV-19/USA/GA-QDX-2571/2020|EPI_ISL_604931|2020-03-14
hCoV-19/USA/GA-QDX-53/2020|EPI_ISL_467849|2020-03-13
hCoV-19/USA/GA-QDX-577/2020|EPI_ISL_571288|2020-03-18
hCoV-19/USA/GA-QDX-578/2020|EPI_ISL_571289|2020-03-17
hCoV-19/USA/GA-QDX-579/2020|EPI_ISL_571290|2020-03-16
hCoV-19/USA/GA-QDX-580/2020|EPI_ISL_571291|2020-03-18
hCoV-19/USA/GA-QDX-582/2020|EPI_ISL_571293|2020-03-17
hCoV-19/USA/GA-QDX-594/2020|EPI_ISL_571295|2020-03-18
hCoV-19/USA/GA-QDX-597/2020|EPI_ISL_571296|2020-03-17
hCoV-19/USA/GA-UW-MAYO61/2020|EPI_ISL_500513|2020-03-17
hCoV-19/USA/GA-UW-MAYO64/2020|EPI_ISL_500515|2020-03-22
hCoV-19/USA/GA_1320/2020|EPI_ISL_420786|2020-03-03
hCoV-19/USA/GA_1445/2020|EPI_ISL_420788|2020-03-04
hCoV-19/USA/GA_1847/2020|EPI_ISL_424859|2020-03-05
hCoV-19/USA/GA_2070/2020|EPI_ISL_426417|2020-03-07
hCoV-19/USA/GA_2118/2020|EPI_ISL_424861|2020-03-08
hCoV-19/USA/GA_2343/2020|EPI_ISL_424864|2020-03-10
|GA-EHC-009I
|GA-EHC-018R
|GA-EHC-022V
|GA-EHC-023W
|GA-EHC-030D
|GA-EHC-032F
|GA-EHC-033G
|GA-EHC-035I
|GA-EHC-037K
|GA-EHC-038L
|GA-EHC-040N
|GA-EHC-042P
|GA-EHC-043Q
|GA-EHC-044R
|GA-EHC-047U
|GA-EHC-048V
|GA-EHC-051Y
|GA-EHC-052Z
|GA-EHC-053A
|GA-EHC-054B
|GA-EHC-060H
|GA-EHC-080B
|GA-EHC-086H
|GA-EHC-097S
|GA-EHC-108D
|GA-EHC-111G
|GA-EHC-113J
|GA-EHC-117N
