hCoV-19/Shanghai/SH0029/2020|EPI_ISL_416338|2020-02-01
hCoV-19/Shanghai/SH0032/2020|EPI_ISL_416341|2020-02-01
hCoV-19/Guangdong/20SF115/2020|EPI_ISL_428443|2020-01-21
hCoV-19/Shanghai/SH0128/2020|EPI_ISL_416409|2020-02-02
hCoV-19/Sichuan/IVDC-SC-001/2020|EPI_ISL_408484|2020-01-15
hCoV-19/South_Korea/KCDC2047/2020|EPI_ISL_471453|2020-02-20
hCoV-19/South_Korea/KCDC2012/2020|EPI_ISL_426182|2020-02-09
hCoV-19/South_Korea/KCDC2014/2020|EPI_ISL_426187|2020-02-12
hCoV-19/USA/SC-DHEC-0003/2020|EPI_ISL_491098|2020-03-07
hCoV-19/USA/GA_1445/2020|EPI_ISL_420788|2020-03-04
hCoV-19/USA/GA-CDC-8427/2020|EPI_ISL_594456|2020-03-06
hCoV-19/USA/GA-QDX-2553/2020|EPI_ISL_604781|2020-03-14
hCoV-19/USA/GA-QDX-2259/2020|EPI_ISL_604531|2020-03-13
hCoV-19/USA/GA-QDX-2150/2020|EPI_ISL_604450|2020-03-14
hCoV-19/USA/GA-QDX-2158/2020|EPI_ISL_604451|2020-03-14
hCoV-19/USA/SC_3571/2020|EPI_ISL_424904|2020-03-07
hCoV-19/USA/GA_2118/2020|EPI_ISL_424861|2020-03-08
hCoV-19/USA/GA_2343/2020|EPI_ISL_424864|2020-03-10
hCoV-19/USA/TX-QDX-2025/2020|EPI_ISL_604376|2020-03-17
hCoV-19/USA/IL-NM097/2020|EPI_ISL_444585|2020-03-15
hCoV-19/USA/SC-DHEC-0031/2020|EPI_ISL_529173|2020-03-20
hCoV-19/USA/DE-DHSS-F918613/2020|EPI_ISL_574599|2020-03-20
hCoV-19/USA/FL-QDX-785/2020|EPI_ISL_571520|2020-03-21
|GA-EHC-060H
|GA-EHC-108D
|GA-EHC-035I
|GA-EHC-042P
|GA-EHC-018R
|GA-EHC-038L
hCoV-19/USA/GA_2070/2020|EPI_ISL_426417|2020-03-07
hCoV-19/USA/GA-QDX-2461/2020|EPI_ISL_604779|2020-03-14
hCoV-19/USA/SC_3569/2020|EPI_ISL_424841|2020-03-06
hCoV-19/USA/GA_1847/2020|EPI_ISL_424859|2020-03-05
|GA-EHC-037K
hCoV-19/USA/MN-QDX-1386/2020|EPI_ISL_572175|2020-03-16
hCoV-19/USA/GA_1320/2020|EPI_ISL_420786|2020-03-03
hCoV-19/USA/GA-QDX-2443/2020|EPI_ISL_604778|2020-03-13
hCoV-19/USA/GA-QDX-53/2020|EPI_ISL_467849|2020-03-13
hCoV-19/USA/SC_3575/2020|EPI_ISL_424842|2020-03-07
hCoV-19/USA/GA-QDX-2196/2020|EPI_ISL_604527|2020-03-13
hCoV-19/USA/GA-CDC-2059/2020|EPI_ISL_452125|2020-03-07
hCoV-19/USA/GA-QDX-579/2020|EPI_ISL_571290|2020-03-16
|GA-EHC-113J
|GA-EHC-040N
|GA-EHC-111G
hCoV-19/USA/GA-QDX-2442/2020|EPI_ISL_604777|2020-03-13
hCoV-19/USA/MI-QDX-888/2020|EPI_ISL_571609|2020-03-18
hCoV-19/USA/MI-MDHHS-SC20242/2020|EPI_ISL_447212|2020-03-23
hCoV-19/USA/MI-MDHHS-SC21094/2020|EPI_ISL_507870|2020-03-26
hCoV-19/USA/MI-MDHHS-SC20181/2020|EPI_ISL_436865|2020-03-25
hCoV-19/USA/MI-QDX-309/2020|EPI_ISL_571053|2020-03-21
hCoV-19/USA/WI-UW-235/2020|EPI_ISL_428331|2020-03-28
hCoV-19/USA/MI-UM-2006S000881/2020|EPI_ISL_484731|2020-03-28
|GA-EHC-097S
hCoV-19/USA/GA-QDX-2115/2020|EPI_ISL_604449|2020-03-14
hCoV-19/USA/MI-MDHHS-SC21136/2020|EPI_ISL_507912|2020-03-30
hCoV-19/USA/GA-QDX-2571/2020|EPI_ISL_604931|2020-03-14
hCoV-19/USA/GA-QDX-1742/2020|EPI_ISL_604025|2020-03-16
hCoV-19/USA/IL-NM0113/2020|EPI_ISL_444597|2020-03-19
hCoV-19/USA/AZ-QDX-1568/2020|EPI_ISL_603872|2020-03-17
hCoV-19/USA/UT-QDX-1466/2020|EPI_ISL_603851|2020-03-15
hCoV-19/USA/GA-QDX-578/2020|EPI_ISL_571289|2020-03-17
hCoV-19/USA/GA-QDX-594/2020|EPI_ISL_571295|2020-03-18
hCoV-19/USA/FL-BPHL-0595/2020|EPI_ISL_508799|2020-03-24
|GA-EHC-044R
|GA-EHC-054B
|GA-EHC-022V
|GA-EHC-043Q
|GA-EHC-009I
hCoV-19/USA/MA-MGH-00563/2020|EPI_ISL_460186|2020-03-22
hCoV-19/USA/NY-WCMP11A03P/2020|EPI_ISL_427583|2020-03-16
hCoV-19/USA/GA-QDX-2420/2020|EPI_ISL_604695|2020-03-16
hCoV-19/USA/GA-QDX-2425/2020|EPI_ISL_604697|2020-03-16
hCoV-19/USA/PA-MGEL107/2020|EPI_ISL_454384|2020-03-31
hCoV-19/USA/CA-QDX-2022/2020|EPI_ISL_604310|2020-03-19
hCoV-19/USA/GA-QDX-582/2020|EPI_ISL_571293|2020-03-17
|GA-EHC-023W
|GA-EHC-052Z
hCoV-19/USA/MD-HP00076/2020|EPI_ISL_438234|2020-03-11
hCoV-19/USA/TX-HMH096/2020|EPI_ISL_434801|2020-03-19
hCoV-19/USA/TX-HMH0156/2020|EPI_ISL_434855|2020-03-23
hCoV-19/USA/TX-HMH0192/2020|EPI_ISL_434867|2020-03-23
hCoV-19/USA/TX-HMH0322/2020|EPI_ISL_434934|2020-03-28
hCoV-19/USA/TX-HMH0394/2020|EPI_ISL_434981|2020-03-31
hCoV-19/USA/MI-QDX-1757/2020|EPI_ISL_604053|2020-03-18
hCoV-19/USA/GA-UW-MAYO64/2020|EPI_ISL_500515|2020-03-22
|GA-EHC-048V
|GA-EHC-051Y
hCoV-19/USA/GA-QDX-1771/2020|EPI_ISL_604027|2020-03-16
hCoV-19/USA/GA-QDX-2219/2020|EPI_ISL_604529|2020-03-15
|GA-EHC-033G
hCoV-19/USA/GA-QDX-1717/2020|EPI_ISL_604024|2020-03-16
hCoV-19/USA/GA-QDX-2367/2020|EPI_ISL_604692|2020-03-16
|GA-EHC-086H
|GA-EHC-080B
|GA-EHC-032F
hCoV-19/USA/CA-QDX-2012/2020|EPI_ISL_604306|2020-03-18
hCoV-19/USA/GA-QDX-2388/2020|EPI_ISL_604694|2020-03-16
hCoV-19/USA/MN-MDH-1420/2020|EPI_ISL_514639|2020-03-19
hCoV-19/USA/GA-UW-MAYO61/2020|EPI_ISL_500513|2020-03-17
hCoV-19/USA/GA-QDX-597/2020|EPI_ISL_571296|2020-03-17
|GA-EHC-117N
hCoV-19/USA/NJ-QDX-2250/2020|EPI_ISL_604557|2020-03-14
hCoV-19/USA/IN-CDC-2013/2020|EPI_ISL_452131|2020-03-09
hCoV-19/USA/MN-QDX-1007/2020|EPI_ISL_571733|2020-03-16
hCoV-19/USA/FL-QDX-2510/2020|EPI_ISL_604775|2020-03-17
hCoV-19/USA/MA-QDX-1456/2020|EPI_ISL_603823|2020-03-16
hCoV-19/USA/CA-QDX-1520/2020|EPI_ISL_603773|2020-03-17
hCoV-19/USA/CA-QDX-2586/2020|EPI_ISL_604881|2020-03-16
hCoV-19/USA/NY-NYCPHL-000738/2020|EPI_ISL_632119|2020-03-18
hCoV-19/Australia/SAP216/2020|EPI_ISL_468000|2020-03-15
hCoV-19/USA/FL-BPHL-0682/2020|EPI_ISL_509740|2020-03-26
hCoV-19/USA/MN-MDH-1436/2020|EPI_ISL_514655|2020-03-31
|GA-EHC-030D
hCoV-19/USA/GA-QDX-1938/2020|EPI_ISL_604222|2020-03-13
hCoV-19/USA/GA-QDX-116/2020|EPI_ISL_467846|2020-03-13
hCoV-19/USA/GA-QDX-122/2020|EPI_ISL_467847|2020-03-13
hCoV-19/USA/GA-QDX-580/2020|EPI_ISL_571291|2020-03-18
hCoV-19/USA/GA-QDX-577/2020|EPI_ISL_571288|2020-03-18
hCoV-19/USA/WI-WSLH-200048/2020|EPI_ISL_471213|2020-03-22
|GA-EHC-053A
|GA-EHC-047U
hCoV-19/USA/MN-MDH-1428/2020|EPI_ISL_514647|2020-03-25
hCoV-19/USA/GA-QDX-152/2020|EPI_ISL_467848|2020-03-13
hCoV-19/USA/GA-QDX-115/2020|EPI_ISL_467845|2020-03-13
hCoV-19/USA/CA-QDX-797/2020|EPI_ISL_571491|2020-03-22
hCoV-19/USA/WA-UW301/2020|EPI_ISL_418869|2020-03-16
hCoV-19/USA/IL-NM-0675/2020|EPI_ISL_626467|2020-03-27
